Title,Title_URL,Time
China Cuts Steel Production. How That Hurts Iron-Ore Prices.,https://news.google.com/articles/CAIiEIw4f4FbvH9FuNPKJ62HX70qGAgEKg8IACoHCAown9bJATD3yxUw96_BBg?hl=en-MY&gl=MY&ceid=MY%3Aen,7 hours ago
‘Green steel’: Swedish company ships first batch made without using coal,https://news.google.com/articles/CAIiECLCHOPzFv28-77owg-zvYUqFggEKg4IACoGCAowl6p7MN-zCTDMwRU?hl=en-MY&gl=MY&ceid=MY%3Aen,5 hours ago
Analysis: Green-push dilemma: China's steel curbs could cripple price control efforts,https://news.google.com/articles/CBMieWh0dHBzOi8vd3d3LnJldXRlcnMuY29tL3dvcmxkL2NoaW5hL2dyZWVuLXB1c2gtZGlsZW1tYS1jaGluYXMtc3RlZWwtY3VyYnMtY291bGQtY3JpcHBsZS1wcmljZS1jb250cm9sLWVmZm9ydHMtMjAyMS0wOC0xNy_SAQA?hl=en-MY&gl=MY&ceid=MY%3Aen,Yesterday
India's Tata Steel launches steel recycling plant,https://news.google.com/articles/CBMiW2h0dHBzOi8vd3d3LmFyZ3VzbWVkaWEuY29tL2VuL25ld3MvMjI0NTc2NS1pbmRpYXMtdGF0YS1zdGVlbC1sYXVuY2hlcy1zdGVlbC1yZWN5Y2xpbmctcGxhbnTSAQA?hl=en-MY&gl=MY&ceid=MY%3Aen,6 hours ago
"Iron ore prices falling as China reins in steelmaking, battles coronavirus",https://news.google.com/articles/CAIiEATlTD68XlHULFnzPDaX35AqGQgEKhAIACoHCAowief2CjCJ2dUCMNvwrAU?hl=en-MY&gl=MY&ceid=MY%3Aen,Yesterday
HYBRIT technology delivers the world's first fossil-free steel to Volvo Group,https://news.google.com/articles/CBMia2h0dHBzOi8vd3d3LmgyLXZpZXcuY29tL3N0b3J5L2h5YnJpdC10ZWNobm9sb2d5LWRlbGl2ZXJzLXRoZS13b3JsZHMtZmlyc3QtZm9zc2lsLWZyZWUtc3RlZWwtdG8tdm9sdm8tZ3JvdXAv0gEA?hl=en-MY&gl=MY&ceid=MY%3Aen,22 hours ago
China's steel exports to Australia drop 50% in blow to local economy,https://news.google.com/articles/CBMiNGh0dHBzOi8vd3d3Lmdsb2JhbHRpbWVzLmNuL3BhZ2UvMjAyMTA4LzEyMzE3MTAuc2h0bWzSAQA?hl=en-MY&gl=MY&ceid=MY%3Aen,2 days ago
Steel Stocks Are on Fire. Let Investors Beware.,https://news.google.com/articles/CAIiELIp1F9v7tXhh7FC1EkmQLsqGAgEKg8IACoHCAown9bJATD3yxUw96_BBg?hl=en-MY&gl=MY&ceid=MY%3Aen,6 hours ago
'Juxtapose': Tang Mun Kian exhibits new steel caricatures at Macao International Art Biennale 2021,https://news.google.com/articles/CBMie2h0dHBzOi8vd3d3Lm9wdGlvbnN0aGVlZGdlLmNvbS90b3BpYy9jdWx0dXJlL2p1eHRhcG9zZS10YW5nLW11bi1raWFuLWV4aGliaXRzLW5ldy1zdGVlbC1jYXJpY2F0dXJlcy1tYWNhby1pbnRlcm5hdGlvbmFsLWFydNIBAA?hl=en-MY&gl=MY&ceid=MY%3Aen,Yesterday
China's steel outlooks dim as curbs take hold,https://news.google.com/articles/CBMiV2h0dHBzOi8vd3d3LmFyZ3VzbWVkaWEuY29tL2VuL25ld3MvMjI0NTg2NC1jaGluYXMtc3RlZWwtb3V0bG9va3MtZGltLWFzLWN1cmJzLXRha2UtaG9sZNIBAA?hl=en-MY&gl=MY&ceid=MY%3Aen,1 hour ago
MSI: Covid-19 clouds outlook of iron and steel,https://news.google.com/articles/CAIiECoscgAKJtljz2rzpjiB5rwqGQgEKhAIACoHCAow-N7eCjC60NYBMOu1sAM?hl=en-MY&gl=MY&ceid=MY%3Aen,8 days ago
South Korean steel scrap imports continue revival amid higher steel output,https://news.google.com/articles/CBMidmh0dHBzOi8vd3d3LmZhc3RtYXJrZXRzLmNvbS9hcnRpY2xlLzQwMDM2NDUvc291dGgta29yZWFuLXN0ZWVsLXNjcmFwLWltcG9ydHMtY29udGludWUtcmV2aXZhbC1hbWlkLWhpZ2hlci1zdGVlbC1vdXRwdXTSAQA?hl=en-MY&gl=MY&ceid=MY%3Aen,Yesterday
Green-push dilemma: China's steel curbs could cripple price control efforts,https://news.google.com/articles/CBMib2h0dHBzOi8vd3d3LmhlbGxlbmljc2hpcHBpbmduZXdzLmNvbS9ncmVlbi1wdXNoLWRpbGVtbWEtY2hpbmFzLXN0ZWVsLWN1cmJzLWNvdWxkLWNyaXBwbGUtcHJpY2UtY29udHJvbC1lZmZvcnRzL9IBc2h0dHBzOi8vd3d3LmhlbGxlbmljc2hpcHBpbmduZXdzLmNvbS9ncmVlbi1wdXNoLWRpbGVtbWEtY2hpbmFzLXN0ZWVsLWN1cmJzLWNvdWxkLWNyaXBwbGUtcHJpY2UtY29udHJvbC1lZmZvcnRzL2FtcC8?hl=en-MY&gl=MY&ceid=MY%3Aen,21 hours ago
Steel prices are up 219% since early 2020. What to expect next,https://news.google.com/articles/CBMiUGh0dHBzOi8vZm9ydHVuZS5jb20vMjAyMS8wOC8xNi9zdGVlbC1wcmljZXMtMjAyMS1jb3ZpZC1jb21tb2RpdGllcy1sdW1iZXItY29zdHMv0gFUaHR0cHM6Ly9mb3J0dW5lLmNvbS8yMDIxLzA4LzE2L3N0ZWVsLXByaWNlcy0yMDIxLWNvdmlkLWNvbW1vZGl0aWVzLWx1bWJlci1jb3N0cy9hbXAv?hl=en-MY&gl=MY&ceid=MY%3Aen,2 days ago
Chinese iron ore hits near 5-month low as steel curbs hurt,https://news.google.com/articles/CBMiYGh0dHBzOi8vd3d3LmhlbGxlbmljc2hpcHBpbmduZXdzLmNvbS9jaGluZXNlLWlyb24tb3JlLWhpdHMtbmVhci01LW1vbnRoLWxvdy1hcy1zdGVlbC1jdXJicy1odXJ0L9IBZGh0dHBzOi8vd3d3LmhlbGxlbmljc2hpcHBpbmduZXdzLmNvbS9jaGluZXNlLWlyb24tb3JlLWhpdHMtbmVhci01LW1vbnRoLWxvdy1hcy1zdGVlbC1jdXJicy1odXJ0L2FtcC8?hl=en-MY&gl=MY&ceid=MY%3Aen,21 hours ago
"Feintool Says Steel Bottlenecks, Prices Put Automotive Recovery at Risk -- Commodity Comment",https://news.google.com/articles/CBMihwFodHRwczovL3d3dy5tYXJrZXR3YXRjaC5jb20vc3RvcnkvZmVpbnRvb2wtc2F5cy1zdGVlbC1ib3R0bGVuZWNrcy1wcmljZXMtcHV0LWF1dG9tb3RpdmUtcmVjb3ZlcnktYXQtcmlzay1jb21tb2RpdHktY29tbWVudC0yNzE2MjkzNjk5NznSAYsBaHR0cHM6Ly93d3cubWFya2V0d2F0Y2guY29tL2FtcC9zdG9yeS9mZWludG9vbC1zYXlzLXN0ZWVsLWJvdHRsZW5lY2tzLXByaWNlcy1wdXQtYXV0b21vdGl2ZS1yZWNvdmVyeS1hdC1yaXNrLWNvbW1vZGl0eS1jb21tZW50LTI3MTYyOTM2OTk3OQ?hl=en-MY&gl=MY&ceid=MY%3Aen,4 hours ago
"Exporters want steel, pharmaceuticals sectors under RoDTEP scheme",https://news.google.com/articles/CAIiEIbtqPRBRGgswk0-HiRu_AoqGQgEKhAIACoHCAowsLXdCjCm3dEBMOThpAM?hl=en-MY&gl=MY&ceid=MY%3Aen,20 hours ago
"What is Steel Fabrication: Uses, Purpose, and Benefits - Robotics and Automation News",https://news.google.com/articles/CBMia2h0dHBzOi8vcm9ib3RpY3NhbmRhdXRvbWF0aW9ubmV3cy5jb20vMjAyMS8wOC8xOC93aGF0LWlzLXN0ZWVsLWZhYnJpY2F0aW9uLXVzZXMtcHVycG9zZS1hbmQtYmVuZWZpdHMvNDU1Njkv0gEA?hl=en-MY&gl=MY&ceid=MY%3Aen,17 hours ago
Here's How Much a $1000 Investment in Steel Dynamics Made 10 Years Ago Would Be Worth Today,https://news.google.com/articles/CBMifGh0dHBzOi8vd3d3Lm5hc2RhcS5jb20vYXJ0aWNsZXMvaGVyZXMtaG93LW11Y2gtYS0lMjQxMDAwLWludmVzdG1lbnQtaW4tc3RlZWwtZHluYW1pY3MtbWFkZS0xMC15ZWFycy1hZ28td291bGQtYmUtd29ydGgtdG9kYXnSAYABaHR0cHM6Ly93d3cubmFzZGFxLmNvbS9hcnRpY2xlcy9oZXJlcy1ob3ctbXVjaC1hLSUyNDEwMDAtaW52ZXN0bWVudC1pbi1zdGVlbC1keW5hbWljcy1tYWRlLTEwLXllYXJzLWFnby13b3VsZC1iZS13b3J0aC10b2RheT9hbXA?hl=en-MY&gl=MY&ceid=MY%3Aen,2 hours ago
Stainless steel demand; European sourcing woes; global steel output down,https://news.google.com/articles/CBMilQFodHRwczovL3NwZW5kbWF0dGVycy5jb20vMjAyMS8wNy8zMC9jb21tb2RpdGllcy1yb3VuZHVwLXN0YWlubGVzcy1zdGVlbC1kZW1hbmQtcG93ZXJzLW5pY2tlbC1ldXJvcGVhbi1zb3VyY2luZy13b2VzLWdsb2JhbC1zdGVlbC1vdXRwdXQtZG93bi1pbi1qdW5lL9IBAA?hl=en-MY&gl=MY&ceid=MY%3Aen,30-Jul
How a global steel manufacturer is paving the way in sustainability - Verdict Medical Devices,https://news.google.com/articles/CAIiEG_3BHLT-5vNFWj7suZ4UHwqMwgEKioIACIQNGd3J4FOKVIPukk2L3Ez1yoUCAoiEDRndyeBTilSD7pJNi9xM9cwzIrpBg?hl=en-MY&gl=MY&ceid=MY%3Aen,5 hours ago
China squeezes steel exports again to expand sector overhaul,https://news.google.com/articles/CBMiYGh0dHBzOi8vd3d3LnRoZWVkZ2VtYXJrZXRzLmNvbS9hcnRpY2xlL2NoaW5hLXNxdWVlemVzLXN0ZWVsLWV4cG9ydHMtYWdhaW4tZXhwYW5kLXNlY3Rvci1vdmVyaGF1bNIBAA?hl=en-MY&gl=MY&ceid=MY%3Aen,29-Jul
US Steel to shut another two blast furnaces for work in fourth quarter: spokeswoman,https://news.google.com/articles/CBMinwFodHRwczovL3d3dy5zcGdsb2JhbC5jb20vcGxhdHRzL2VuL21hcmtldC1pbnNpZ2h0cy9sYXRlc3QtbmV3cy9tZXRhbHMvMDgxODIxLXVzLXN0ZWVsLXRvLXNodXQtYW5vdGhlci10d28tYmxhc3QtZnVybmFjZXMtZm9yLXdvcmstaW4tZm91cnRoLXF1YXJ0ZXItc3Bva2Vzd29tYW7SAQA?hl=en-MY&gl=MY&ceid=MY%3Aen,20 hours ago
"Stainless steel, carbon steel, or fiberglass? How to determine the ideal enclosure material for your application",https://news.google.com/articles/CBMikAFodHRwczovL3d3dy5kZXNpZ253b3JsZG9ubGluZS5jb20vc3RhaW5sZXNzLXN0ZWVsLWNhcmJvbi1zdGVlbC1vci1maWJlcmdsYXNzLWhvdy10by1kZXRlcm1pbmUtdGhlLWlkZWFsLWVuY2xvc3VyZS1tYXRlcmlhbC1mb3IteW91ci1hcHBsaWNhdGlvbi_SAQA?hl=en-MY&gl=MY&ceid=MY%3Aen,18 days ago
Etihad Rail partners Al Ghurair Iron & Steel to transport its products in UAE,https://news.google.com/articles/CBMiemh0dHBzOi8vZ3VsZm5ld3MuY29tL2J1c2luZXNzL2V0aWhhZC1yYWlsLXBhcnRuZXJzLWFsLWdodXJhaXItaXJvbi0tc3RlZWwtdG8tdHJhbnNwb3J0LWl0cy1wcm9kdWN0cy1pbi11YWUtMS4xNjI5MzY4OTI4ODM20gF-aHR0cHM6Ly9ndWxmbmV3cy5jb20vYW1wL2J1c2luZXNzL2V0aWhhZC1yYWlsLXBhcnRuZXJzLWFsLWdodXJhaXItaXJvbi0tc3RlZWwtdG8tdHJhbnNwb3J0LWl0cy1wcm9kdWN0cy1pbi11YWUtMS4xNjI5MzY4OTI4ODM2?hl=en-MY&gl=MY&ceid=MY%3Aen,4 hours ago
Tata Steel rallies on rare double ratings upgrade,https://news.google.com/articles/CBMibmh0dHBzOi8vd3d3LnRoZXN0YXIuY29tLm15L2J1c2luZXNzL2J1c2luZXNzLW5ld3MvMjAyMS8wOC8wNi90YXRhLXN0ZWVsLXJhbGxpZXMtb24tcmFyZS1kb3VibGUtcmF0aW5ncy11cGdyYWRl0gEA?hl=en-MY&gl=MY&ceid=MY%3Aen,13 days ago
PMC offers bespoke solution for treating contaminated steel scrap,https://news.google.com/articles/CBMiZmh0dHBzOi8vd2FzdGUtbWFuYWdlbWVudC13b3JsZC5jb20vYS9wbWMtb2ZmZXJzLWJlc3Bva2Utc29sdXRpb24tZm9yLXRyZWF0aW5nLWNvbnRhbWluYXRlZC1zdGVlbC1zY3JhcNIBAA?hl=en-MY&gl=MY&ceid=MY%3Aen,Yesterday
"TURKEY LONG STEEL EXPORTS: Prices down again on limited demand, softer scrap costs",https://news.google.com/articles/CBMikAFodHRwczovL3d3dy5tZXRhbGJ1bGxldGluLmNvbS9BcnRpY2xlLzQwMDM5MjUvQ2FyYm9uLXN0ZWVsL1RVUktFWS1MT05HLVNURUVMLUVYUE9SVFMtUHJpY2VzLWRvd24tYWdhaW4tb24tbGltaXRlZC1kZW1hbmQtc29mdGVyLXNjcmFwLWNvc3RzLmh0bWzSAQA?hl=en-MY&gl=MY&ceid=MY%3Aen,14 minutes ago
"U.S. Steel (X) Hits 52-Week High, Can the Run Continue?",https://news.google.com/articles/CAIiENlSKYhU7aUC4dH9fPDUFkkqMwgEKioIACIQT4VDYmxpaDN7y5JvscS9FioUCAoiEE-FQ2JsaWgze8uSb7HEvRYw7fHMBg?hl=en-MY&gl=MY&ceid=MY%3Aen,1 hour ago
Chinese steel prices fall on scepticism over emission policies,https://news.google.com/articles/CAIiELOSACfL6SsOvEvAG9vFNaYqFwgEKg8IACoHCAow-4fWBzD4z0gwwtp6?hl=en-MY&gl=MY&ceid=MY%3Aen,17 days ago
JSW Steel Employees Trust sells shares of JSW Steel,https://news.google.com/articles/CAIiEITLAL8aeDlp1ixqdSMf6CcqGQgEKhAIACoHCAownZiCCzDY7_4CMNPw8gU?hl=en-MY&gl=MY&ceid=MY%3Aen,Yesterday
"Exclusive: Indian steel realisations to hold in this quarter, Europe to see material improvement: Tata...",https://news.google.com/articles/CAIiEG5RXOc_tpv753QU6o9_blkqGQgEKhAIACoHCAowlbCPCzCrzaIDMOjUrgY?hl=en-MY&gl=MY&ceid=MY%3Aen,Yesterday
Majestic Steel USA Acquires Merit Steel USA,https://news.google.com/articles/CBMiY2h0dHBzOi8vd3d3LnBybmV3c3dpcmUuY29tL25ld3MtcmVsZWFzZXMvbWFqZXN0aWMtc3RlZWwtdXNhLWFjcXVpcmVzLW1lcml0LXN0ZWVsLXVzYS0zMDEzNTc0MDYuaHRtbNIBAA?hl=en-MY&gl=MY&ceid=MY%3Aen,Yesterday
"Pharma, steel exporters to take up RoDTEP exclusion with Piyush Goyal",https://news.google.com/articles/CBMilgFodHRwczovL2Vjb25vbWljdGltZXMuaW5kaWF0aW1lcy5jb20vbmV3cy9lY29ub215L2ZvcmVpZ24tdHJhZGUvcGhhcm1hLXN0ZWVsLWV4cG9ydGVycy10by10YWtlLXVwLXJvZHRlcC1leGNsdXNpb24td2l0aC1nb3lhbC9hcnRpY2xlc2hvdy84NTQzODg2NS5jbXPSAZEBaHR0cHM6Ly9tLmVjb25vbWljdGltZXMuY29tL25ld3MvZWNvbm9teS9mb3JlaWduLXRyYWRlL3BoYXJtYS1zdGVlbC1leHBvcnRlcnMtdG8tdGFrZS11cC1yb2R0ZXAtZXhjbHVzaW9uLXdpdGgtZ295YWwvYW1wX2FydGljbGVzaG93Lzg1NDM4ODY1LmNtcw?hl=en-MY&gl=MY&ceid=MY%3Aen,12 hours ago
Tata Steel interested in acquiring Vizag-based RINL: CEO TV Narendran,https://news.google.com/articles/CBMimQFodHRwczovL3RpbWVzb2ZpbmRpYS5pbmRpYXRpbWVzLmNvbS9idXNpbmVzcy9pbmRpYS1idXNpbmVzcy90YXRhLXN0ZWVsLWludGVyZXN0ZWQtaW4tYWNxdWlyaW5nLXZpemFnLWJhc2VkLXJpbmwtY2VvLXR2LW5hcmVuZHJhbi9hcnRpY2xlc2hvdy84NTM5NTc2NS5jbXPSAZQBaHR0cHM6Ly9tLnRpbWVzb2ZpbmRpYS5jb20vYnVzaW5lc3MvaW5kaWEtYnVzaW5lc3MvdGF0YS1zdGVlbC1pbnRlcmVzdGVkLWluLWFjcXVpcmluZy12aXphZy1iYXNlZC1yaW5sLWNlby10di1uYXJlbmRyYW4vYW1wX2FydGljbGVzaG93Lzg1Mzk1NzY1LmNtcw?hl=en-MY&gl=MY&ceid=MY%3Aen,2 days ago
ASIA STEEL SCRAP DIGEST: Japan sentiment weakens after drop in Kanto tender,https://news.google.com/articles/CBMikQFodHRwczovL3d3dy5tZXRhbGJ1bGxldGluLmNvbS9BcnRpY2xlLzQwMDM4MTkvU2NyYXAtYW5kLXNlY29uZGFyeS9BU0lBLVNURUVMLVNDUkFQLURJR0VTVC1KYXBhbi1zZW50aW1lbnQtd2Vha2Vucy1hZnRlci1kcm9wLWluLUthbnRvLXRlbmRlci5odG1s0gEA?hl=en-MY&gl=MY&ceid=MY%3Aen,2 hours ago
"Groundbreaking: ‘We’re small but we’re scrappy, welcome to the Steel District’",https://news.google.com/articles/CBMiemh0dHBzOi8vd3d3LmtlbG9sYW5kLmNvbS9uZXdzL3lvdXItbW9uZXktbWF0dGVycy9ncm91bmRicmVha2luZy13ZXJlLXNtYWxsLWJ1dC13ZXJlLXNjcmFwcHktd2VsY29tZS10by10aGUtc3RlZWwtZGlzdHJpY3Qv0gF-aHR0cHM6Ly93d3cua2Vsb2xhbmQuY29tL25ld3MveW91ci1tb25leS1tYXR0ZXJzL2dyb3VuZGJyZWFraW5nLXdlcmUtc21hbGwtYnV0LXdlcmUtc2NyYXBweS13ZWxjb21lLXRvLXRoZS1zdGVlbC1kaXN0cmljdC9hbXAv?hl=en-MY&gl=MY&ceid=MY%3Aen,11 hours ago
Iranian steel billet export prices slide in wake of decline in rebar futures,https://news.google.com/articles/CBMif2h0dHBzOi8vd3d3Lm1ldGFsYnVsbGV0aW4uY29tL0FydGljbGUvNDAwMzgyMS9JcmFuaWFuLXN0ZWVsLWJpbGxldC1leHBvcnQtcHJpY2VzLXNsaWRlLWluLXdha2Utb2YtZGVjbGluZS1pbi1yZWJhci1mdXR1cmVzLmh0bWzSAQA?hl=en-MY&gl=MY&ceid=MY%3Aen,2 hours ago
Steel rebar prices rise once again,https://news.google.com/articles/CBMiSWh0dHBzOi8vdHJpYnVuZS5jb20ucGsvc3RvcnkvMjMxNjIzNC9zdGVlbC1yZWJhci1wcmljZXMtcmlzZS1vbmNlLWFnYWluLTHSAU9odHRwczovL3RyaWJ1bmUuY29tLnBrL3N0b3J5LzIzMTYyMzQvc3RlZWwtcmViYXItcHJpY2VzLXJpc2Utb25jZS1hZ2Fpbi0xP2FtcD0x?hl=en-MY&gl=MY&ceid=MY%3Aen,10 hours ago
Australia's BlueScope Steel seeks alternatives to coal,https://news.google.com/articles/CBMiYGh0dHBzOi8vd3d3LmFyZ3VzbWVkaWEuY29tL2VuL25ld3MvMjI0NTM0MS1hdXN0cmFsaWFzLWJsdWVzY29wZS1zdGVlbC1zZWVrcy1hbHRlcm5hdGl2ZXMtdG8tY29hbNIBAA?hl=en-MY&gl=MY&ceid=MY%3Aen,Yesterday
"POSCO to finalize steel price deal with Hyundai, Samsung",https://news.google.com/articles/CBMiXWh0dHBzOi8vd3d3LmhlbGxlbmljc2hpcHBpbmduZXdzLmNvbS9wb3Njby10by1maW5hbGl6ZS1zdGVlbC1wcmljZS1kZWFsLXdpdGgtaHl1bmRhaS1zYW1zdW5nL9IBYWh0dHBzOi8vd3d3LmhlbGxlbmljc2hpcHBpbmduZXdzLmNvbS9wb3Njby10by1maW5hbGl6ZS1zdGVlbC1wcmljZS1kZWFsLXdpdGgtaHl1bmRhaS1zYW1zdW5nL2FtcC8?hl=en-MY&gl=MY&ceid=MY%3Aen,9 hours ago
China wants to curb steel production. Some say it's 'virtually impossible',https://news.google.com/articles/CAIiEE_UV7VUYpp2Wr8r_3AoHs8qGQgEKhAIACoHCAow2Nb3CjDivdcCMP3ungY?hl=en-MY&gl=MY&ceid=MY%3Aen,17 days ago
Customs seizes RM10mil worth of smuggled steel in Klang,https://news.google.com/articles/CAIiEEkAGqQT8e8pTm_F_2cL6-UqGQgEKhAIACoHCAow-N7eCjC60NYBMLfbhwM?hl=en-MY&gl=MY&ceid=MY%3Aen,14 days ago
Steel Dynamics Stock Jumps 16% In A Week – Here’s Why,https://news.google.com/articles/CAIiEF1eVbjgm0LYVe9wp3z3ZjMqFQgEKg0IACoGCAowrqkBMKBFMLKAAg?hl=en-MY&gl=MY&ceid=MY%3Aen,2 days ago
China puts growth ahead of climate with surge in coal-powered steel mills,https://news.google.com/articles/CAIiEI1jg5ns-DGBvOgQm42Jk70qGAgEKg8IACoHCAow-4fWBzD4z0gw_fCpBg?hl=en-MY&gl=MY&ceid=MY%3Aen,6 days ago
Iron Ore Tumbles as China's Steel Sector Revamp Curbs Demand,https://news.google.com/articles/CAIiEMCDeh5vtGKV6x30Mtpm3w8qGQgEKhAIACoHCAow4uzwCjCF3bsCMIrOrwM?hl=en-MY&gl=MY&ceid=MY%3Aen,30-Jul
"Iron ore sell-off resumes, but stainless steel shines",https://news.google.com/articles/CBMiWmh0dHBzOi8vd3d3LmhlbGxlbmljc2hpcHBpbmduZXdzLmNvbS9pcm9uLW9yZS1zZWxsLW9mZi1yZXN1bWVzLWJ1dC1zdGFpbmxlc3Mtc3RlZWwtc2hpbmVzL9IBXmh0dHBzOi8vd3d3LmhlbGxlbmljc2hpcHBpbmduZXdzLmNvbS9pcm9uLW9yZS1zZWxsLW9mZi1yZXN1bWVzLWJ1dC1zdGFpbmxlc3Mtc3RlZWwtc2hpbmVzL2FtcC8?hl=en-MY&gl=MY&ceid=MY%3Aen,6 days ago
Steel Panther are holding open auditions to recruit a new bassist following Lexxi Foxx’s departure,https://news.google.com/articles/CAIiEPaCKep2bh23xStWMTx7IjUqMwgEKioIACIQH_BelhYjzX0pLWaXnsDBHioUCAoiEB_wXpYWI819KS1ml57AwR4w64vKBg?hl=en-MY&gl=MY&ceid=MY%3Aen,Yesterday
"Stocks to Watch: Canara Bank, Tata Steel, HAL, HDFC Bank, Future Retail",https://news.google.com/articles/CAIiEKRK5fdLr9eAhiUdV91mOUMqFggEKg4IACoGCAowxLQ_MNevCDD45Co?hl=en-MY&gl=MY&ceid=MY%3Aen,23 hours ago
Refractory Materials Market for GCC Steel Industry 2021-2025 | Technavio,https://news.google.com/articles/CBMif2h0dHBzOi8vd3d3LnBybmV3c3dpcmUuY29tL25ld3MtcmVsZWFzZXMvcmVmcmFjdG9yeS1tYXRlcmlhbHMtbWFya2V0LWZvci1nY2Mtc3RlZWwtaW5kdXN0cnktMjAyMS0yMDI1LS10ZWNobmF2aW8tMzAxMzU3ODA5Lmh0bWzSAQA?hl=en-MY&gl=MY&ceid=MY%3Aen,Yesterday
Metalloinvest's sales revenues rise in H1 amid higher iron ore and steel prices,https://news.google.com/articles/CBMijAFodHRwczovL3d3dy5zdGVlbG9yYmlzLmNvbS9zdGVlbC1uZXdzL2xhdGVzdC1uZXdzL21ldGFsbG9pbnZlc3RzLXNhbGVzLXJldmVudWVzLXJpc2UtaW4taDEtYW1pZC1oaWdoZXItaXJvbi1vcmUtYW5kLXN0ZWVsLXByaWNlcy0xMjExOTcxLmh0bdIBAA?hl=en-MY&gl=MY&ceid=MY%3Aen,5 hours ago
West Eagles sweep Steel Bucket Relay titles with a close win in the boys race and a romp in the girls race,https://news.google.com/articles/CBMipAFodHRwczovL3d3dy5hZG4uY29tL3Nwb3J0cy9oaWdoLXNjaG9vbC1zcG9ydHMvMjAyMS8wOC8xOC93ZXN0LWVhZ2xlcy1zd2VlcC1zdGVlbC1idWNrZXQtcmVsYXktdGl0bGVzLXdpdGgtYS1jbG9zZS13aW4taW4tdGhlLWJveXMtcmFjZS1hbmQtYS1yb21wLWluLXRoZS1naXJscy1yYWNlL9IBAA?hl=en-MY&gl=MY&ceid=MY%3Aen,7 hours ago
Pittsburg-based steel company reaches $4 million settlement after violating environmental regulations,https://news.google.com/articles/CBMijQFodHRwczovL3d3dy5lYXN0YmF5dGltZXMuY29tLzIwMjEvMDgvMTgvcGl0dHNidXJnLWJhc2VkLXN0ZWVsLWNvbXBhbnktcmVhY2hlcy00LW1pbGxpb24tc2V0dGxlbWVudC1hZnRlci12aW9sYXRpbmctZW52aXJvbm1lbnRhbC1yZWd1bGF0aW9ucy_SAZEBaHR0cHM6Ly93d3cuZWFzdGJheXRpbWVzLmNvbS8yMDIxLzA4LzE4L3BpdHRzYnVyZy1iYXNlZC1zdGVlbC1jb21wYW55LXJlYWNoZXMtNC1taWxsaW9uLXNldHRsZW1lbnQtYWZ0ZXItdmlvbGF0aW5nLWVudmlyb25tZW50YWwtcmVndWxhdGlvbnMvYW1wLw?hl=en-MY&gl=MY&ceid=MY%3Aen,19 hours ago
Japan's FeNi producer hints at stainless steel recovery,https://news.google.com/articles/CBMiYWh0dHBzOi8vd3d3LmFyZ3VzbWVkaWEuY29tL2VuL25ld3MvMjI0MjY5NC1qYXBhbnMtZmVuaS1wcm9kdWNlci1oaW50cy1hdC1zdGFpbmxlc3Mtc3RlZWwtcmVjb3ZlcnnSAQA?hl=en-MY&gl=MY&ceid=MY%3Aen,9 days ago
Global investor group begins to step up pressure on steel industry,https://news.google.com/articles/CAIiEKxzh7XjfkWIIcWb3gJgVksqFwgEKg8IACoHCAow-4fWBzD4z0gw4tp6?hl=en-MY&gl=MY&ceid=MY%3Aen,15 days ago
Price hikes lift Tata Steel but Europe needs a fix,https://news.google.com/articles/CAIiEDKiWGK2QSbs_66gRKGSpzcqFggEKg4IACoGCAowxLQ_MNevCDD45Co?hl=en-MY&gl=MY&ceid=MY%3Aen,3 days ago
Planes leaving half empty after Taliban set up ring of steel,https://news.google.com/articles/CBMiaWh0dHBzOi8vd3d3LnRoZXRpbWVzLmNvLnVrL2FydGljbGUvcGxhbmVzLWxlYXZpbmctaGFsZi1lbXB0eS1hZnRlci10YWxpYmFuLXNldC11cC1yaW5nLW9mLXN0ZWVsLTZyZHZwMndkYtIBAA?hl=en-MY&gl=MY&ceid=MY%3Aen,16 hours ago
China Looks to More Export Tariffs to Tame Booming Steel Sector,https://news.google.com/articles/CAIiEKtdYvKKXViUF0LSHPXi2z4qGQgEKhAIACoHCAow4uzwCjCF3bsCMIrOrwM?hl=en-MY&gl=MY&ceid=MY%3Aen,27-Jul
"EU CBAM for Iron, Steel, Cement, Fertilisers, Aluminium, Electricity",https://news.google.com/articles/CBMidGh0dHBzOi8vd3d3Lm5hdGxhd3Jldmlldy5jb20vYXJ0aWNsZS9ldXJvcGVhbi1jb21taXNzaW9uLXByb3Bvc2VzLWNhcmJvbi1ib3JkZXItYWRqdXN0bWVudC1tZWNoYW5pc20tY2JhbS1pcm9uLXN0ZWVs0gF4aHR0cHM6Ly93d3cubmF0bGF3cmV2aWV3LmNvbS9hcnRpY2xlL2V1cm9wZWFuLWNvbW1pc3Npb24tcHJvcG9zZXMtY2FyYm9uLWJvcmRlci1hZGp1c3RtZW50LW1lY2hhbmlzbS1jYmFtLWlyb24tc3RlZWw_YW1w?hl=en-MY&gl=MY&ceid=MY%3Aen,Yesterday
China's Top Steel Body Expects Wider Output Cuts as Demand Slows,https://news.google.com/articles/CAIiEDRgjQ6jU-UMaOkh3YQb4Z8qGQgEKhAIACoHCAow4uzwCjCF3bsCMIrOrwM?hl=en-MY&gl=MY&ceid=MY%3Aen,18 days ago
Steel Stocks Gain on $1 Trillion Infrastructure Plan,https://news.google.com/articles/CAIiELezdnScKz4yKbpJ-KAWXQEqMwgEKioIACIQaI-KISnONJyMPNSt_eLQTCoUCAoiEGiPiiEpzjScjDzUrf3i0Ewwi6TZBg?hl=en-MY&gl=MY&ceid=MY%3Aen,8 days ago
US steel wire rod prices hit record high set in 2008,https://news.google.com/articles/CBMiZ2h0dHBzOi8vd3d3Lm1ldGFsYnVsbGV0aW4uY29tL0FydGljbGUvNDAwMzc5NC9VUy1zdGVlbC13aXJlLXJvZC1wcmljZXMtaGl0LXJlY29yZC1oaWdoLXNldC1pbi0yMDA4Lmh0bWzSAQA?hl=en-MY&gl=MY&ceid=MY%3Aen,17 hours ago
The Steel Frame,https://news.google.com/articles/CAIiEO2gHzTLmno6vhhHN5OIlykqGQgEKhAIACoHCAow-az7CjDR8PMCMNOt2wU?hl=en-MY&gl=MY&ceid=MY%3Aen,44 minutes ago
"Jahan Loh Celebrates G-SHOCK's Steel ""CasiOak"" With Futuristic Animated Short",https://news.google.com/articles/CBMiU2h0dHBzOi8vaHlwZWJlYXN0LmNvbS8yMDIxLzgvamFoYW4tbG9oLWctc2hvY2stc3RlZWwtY2FzaW9hay1nbS0yMTAwLWFuaW1hdGVkLXNob3J00gEA?hl=en-MY&gl=MY&ceid=MY%3Aen,2 days ago
Insight - Iron ore stumbles as rising supply runs into China steel discipline,https://news.google.com/articles/CBMiigFodHRwczovL3d3dy50aGVzdGFyLmNvbS5teS9idXNpbmVzcy9idXNpbmVzcy1uZXdzLzIwMjEvMDcvMjcvaW5zaWdodC0tLWlyb24tb3JlLXN0dW1ibGVzLWFzLXJpc2luZy1zdXBwbHktcnVucy1pbnRvLWNoaW5hLXN0ZWVsLWRpc2NpcGxpbmXSAQA?hl=en-MY&gl=MY&ceid=MY%3Aen,27-Jul
India Set for Record Steel Demand as Construction to Revive,https://news.google.com/articles/CAIiEBmSMGhHCULQXgwtLixo6t8qGQgEKhAIACoHCAow4uzwCjCF3bsCMIrOrwM?hl=en-MY&gl=MY&ceid=MY%3Aen,29-Jul
"Steel open first week of practice | News, Sports, Jobs",https://news.google.com/articles/CBMiW2h0dHBzOi8vd3d3Lm51am91cm5hbC5jb20vc3BvcnRzL2xvY2FsLXNwb3J0cy8yMDIxLzA4LzE5L3N0ZWVsLW9wZW4tZmlyc3Qtd2Vlay1vZi1wcmFjdGljZS_SAQA?hl=en-MY&gl=MY&ceid=MY%3Aen,9 hours ago
Steel inventory declines amid nation's efforts to cut carbon emissions,https://news.google.com/articles/CBMiNGh0dHBzOi8vd3d3Lmdsb2JhbHRpbWVzLmNuL3BhZ2UvMjAyMTA3LzEyMjk2MDcuc2h0bWzSAQA?hl=en-MY&gl=MY&ceid=MY%3Aen,25-Jul
Historic steel price rally celebrates one-year anniversary,https://news.google.com/articles/CBMie2h0dHBzOi8vd3d3LnRoZWZhYnJpY2F0b3IuY29tL3RoZWZhYnJpY2F0b3IvYmxvZy9tZXRhbHNtYXRlcmlhbHMvaGlzdG9yaWMtc3RlZWwtcHJpY2UtcmFsbHktY2VsZWJyYXRlcy1vbmUteWVhci1hbm5pdmVyc2FyedIBAA?hl=en-MY&gl=MY&ceid=MY%3Aen,Yesterday
Letter: China tempers steel output amid rising pollution fears,https://news.google.com/articles/CBMiP2h0dHBzOi8vd3d3LmZ0LmNvbS9jb250ZW50LzRmZDFkNGI5LTEzYmYtNDNlZS05Mzg4LWI5ZDJjYzkwYjliOdIBP2h0dHBzOi8vYW1wLmZ0LmNvbS9jb250ZW50LzRmZDFkNGI5LTEzYmYtNDNlZS05Mzg4LWI5ZDJjYzkwYjliOQ?hl=en-MY&gl=MY&ceid=MY%3Aen,11 days ago
"Brazilian crude steel production in July rises 14.5%, says Brazil Steel",https://news.google.com/articles/CBMihAFodHRwczovL3Jpb3RpbWVzb25saW5lLmNvbS9icmF6aWwtbmV3cy9icmF6aWwvYnVzaW5lc3MtYnJhemlsL2JyYXppbGlhbi1jcnVkZS1zdGVlbC1wcm9kdWN0aW9uLWluLWp1bHktcmlzZXMtMTQtNS1zYXlzLWJyYXppbC1zdGVlbC_SAQA?hl=en-MY&gl=MY&ceid=MY%3Aen,1 hour ago
US steel industry lagging pre-Covid levels,https://news.google.com/articles/CBMiVGh0dHBzOi8vd3d3LmFyZ3VzbWVkaWEuY29tL2VuL25ld3MvMjI0MzQyNS11cy1zdGVlbC1pbmR1c3RyeS1sYWdnaW5nLXByZWNvdmlkLWxldmVsc9IBAA?hl=en-MY&gl=MY&ceid=MY%3Aen,7 days ago
Thyssenkrupp says no to steel spin-off until spring,https://news.google.com/articles/CAIiEDHZMvF_Y6fcMtzlQ2Y8efAqFwgEKg8IACoHCAow-4fWBzD4z0gw0tp6?hl=en-MY&gl=MY&ceid=MY%3Aen,8 days ago
"Outlook on the Automotive Steel Wheels Global Market to 2028 - by Rim Size Vehicle Type, End-user and Region - ResearchAndMarkets.com",https://news.google.com/articles/CBMivQFodHRwczovL3d3dy5idXNpbmVzc3dpcmUuY29tL25ld3MvaG9tZS8yMDIxMDgxNzAwNTY0OC9lbi9PdXRsb29rLW9uLXRoZS1BdXRvbW90aXZlLVN0ZWVsLVdoZWVscy1HbG9iYWwtTWFya2V0LXRvLTIwMjgtLS1ieS1SaW0tU2l6ZS1WZWhpY2xlLVR5cGUtRW5kLXVzZXItYW5kLVJlZ2lvbi0tLVJlc2VhcmNoQW5kTWFya2V0cy5jb23SAQA?hl=en-MY&gl=MY&ceid=MY%3Aen,2 days ago
"Steel sales, output rise in April-June for India's Sail",https://news.google.com/articles/CBMiX2h0dHBzOi8vd3d3LmFyZ3VzbWVkaWEuY29tL2VuL25ld3MvMjI0MjM0Ni1zdGVlbC1zYWxlcy1vdXRwdXQtcmlzZS1pbi1hcHJpbGp1bmUtZm9yLWluZGlhcy1zYWls0gEA?hl=en-MY&gl=MY&ceid=MY%3Aen,10 days ago
Steel prices fall in China as emissions targets are relaxed,https://news.google.com/articles/CBMiYGh0dHBzOi8vYWdtZXRhbG1pbmVyLmNvbS8yMDIxLzA4LzA5L3N0ZWVsLXByaWNlcy1mYWxsLWluLWNoaW5hLWFzLWVtaXNzaW9ucy10YXJnZXRzLWFyZS1yZWxheGVkL9IBAA?hl=en-MY&gl=MY&ceid=MY%3Aen,10 days ago
Alfeco Group honours women of steel,https://news.google.com/articles/CBMiSGh0dHBzOi8vYWxiZXJ0b25yZWNvcmQuY28uemEvMzAzODA1L2FsZmVjby1ncm91cC1ob25vdXJzLXdvbWVuLW9mLXN0ZWVsL9IBAA?hl=en-MY&gl=MY&ceid=MY%3Aen,10 hours ago
China steel exports rise sharply in July; market fears further policy tightening,https://news.google.com/articles/CBMinAFodHRwczovL3d3dy5zcGdsb2JhbC5jb20vcGxhdHRzL2VuL21hcmtldC1pbnNpZ2h0cy9sYXRlc3QtbmV3cy9tZXRhbHMvMDgwOTIxLWNoaW5hLXN0ZWVsLWV4cG9ydHMtcmlzZS1zaGFycGx5LWluLWp1bHktbWFya2V0LWZlYXJzLWZ1cnRoZXItcG9saWN5LXRpZ2h0ZW5pbmfSAQA?hl=en-MY&gl=MY&ceid=MY%3Aen,10 days ago
Leading Steel Pannist Jonathan Scales To Perform at Forte Jazz Lounge in September,https://news.google.com/articles/CBMieWh0dHBzOi8vaG9seWNpdHlzaW5uZXIuY29tLzIwMjEvMDgvMTgvbGVhZGluZy1zdGVlbC1wYW5uaXN0LWpvbmF0aGFuLXNjYWxlcy10by1wZXJmb3JtLWF0LWZvcnRlLWphenotbG91bmdlLWluLXNlcHRlbWJlci_SAQA?hl=en-MY&gl=MY&ceid=MY%3Aen,17 hours ago
Leon Fuat buys land in Port Klang to expand steel manufacturing business,https://news.google.com/articles/CBMiaWh0dHBzOi8vd3d3LnRoZWVkZ2VtYXJrZXRzLmNvbS9hcnRpY2xlL2xlb24tZnVhdC1idXlzLWxhbmQtcG9ydC1rbGFuZy1leHBhbmQtc3RlZWwtbWFudWZhY3R1cmluZy1idXNpbmVzc9IBAA?hl=en-MY&gl=MY&ceid=MY%3Aen,30-Jul
Superman: Steel Just Took on the Internet’s Nastiest Trolls in DC’s Matrix,https://news.google.com/articles/CAIiEKgERZtcsVfyHBkWntoBNgEqGQgEKhAIACoHCAowvqWBCzCY4vwCMLSAtgY?hl=en-MY&gl=MY&ceid=MY%3Aen,12 hours ago
Chelyabinsk plant of the profiled steel decking (MCX:PRFN) Is Looking To Continue Growing Its Returns On Capital,https://news.google.com/articles/CBMiqwFodHRwczovL3NpbXBseXdhbGwuc3Qvc3RvY2tzL3J1L21hdGVyaWFscy9tY3gtcHJmbi9jaGVseWFiaW5zay1wbGFudC1vZi10aGUtcHJvZmlsZWQtc3RlZWwtZGVja2luZy1zaGFyZXMvbmV3cy9jaGVseWFiaW5zay1wbGFudC1vZi10aGUtcHJvZmlsZWQtc3RlZWwtZGVja2luZy1tY3hwcmZuLWlzLWzSAQA?hl=en-MY&gl=MY&ceid=MY%3Aen,11 hours ago
"2,000 Gulf returnees unite in Kerala, form steel factory",https://news.google.com/articles/CAIiENttKqFdZB9zOeOWCagOqacqGAgEKg8IACoHCAowop2lATDj4RowpbvJBQ?hl=en-MY&gl=MY&ceid=MY%3Aen,2 days ago
Steel Strips shares zoom on stock split announcement,https://news.google.com/articles/CAIiEPOBP4zaC0tDoTvhkK8nCloqFggEKg4IACoGCAowxLQ_MNevCDCkoh8?hl=en-MY&gl=MY&ceid=MY%3Aen,Yesterday
The Ritchey Ascent Steel Adventure Bike Returns,https://news.google.com/articles/CAIiEIvI24KwZtvMIB6GScWkpWIqMwgEKioIACIQQjdavnrLNdfLDddUMJVeKioUCAoiEEI3Wr56yzXXyw3XVDCVXiowwpWOBw?hl=en-MY&gl=MY&ceid=MY%3Aen,7 hours ago
Global decarbonisation drive to challenge steel producers - Woodmac,https://news.google.com/articles/CBMigAFodHRwczovL3d3dy5yZXV0ZXJzLmNvbS9idXNpbmVzcy9zdXN0YWluYWJsZS1idXNpbmVzcy9nbG9iYWwtZGVjYXJib25pc2F0aW9uLWRyaXZlLWNoYWxsZW5nZS1zdGVlbC1wcm9kdWNlcnMtd29vZG1hYy0yMDIxLTA4LTA5L9IBAA?hl=en-MY&gl=MY&ceid=MY%3Aen,10 days ago
Here's your chance to audition to be Steel Panther's new bassist,https://news.google.com/articles/CBMiYGh0dHBzOi8vd3d3LmtlcnJhbmcuY29tL3RoZS1uZXdzL2hlcmVzLXlvdXItY2hhbmNlLXRvLWF1ZGl0aW9uLXRvLWJlLXN0ZWVsLXBhbnRoZXJzLW5ldy1iYXNzaXN0L9IBWmh0dHBzOi8vd3d3LmtlcnJhbmcuY29tL2FtcC9oZXJlcy15b3VyLWNoYW5jZS10by1hdWRpdGlvbi10by1iZS1zdGVlbC1wYW50aGVycy1uZXctYmFzc2lzdA?hl=en-MY&gl=MY&ceid=MY%3Aen,2 days ago
'Gray' steel to become obsolete in EU once 'green' steel advances: Salzgitter CEO,https://news.google.com/articles/CBMimQFodHRwczovL3d3dy5zcGdsb2JhbC5jb20vcGxhdHRzL2VuL21hcmtldC1pbnNpZ2h0cy9sYXRlc3QtbmV3cy9tZXRhbHMvMDgxMTIxLWdyYXktc3RlZWwtdG8tYmVjb21lLW9ic29sZXRlLWluLWV1LW9uY2UtZ3JlZW4tc3RlZWwtYWR2YW5jZXMtc2FsemdpdHRlci1jZW_SAQA?hl=en-MY&gl=MY&ceid=MY%3Aen,8 days ago
"Buy Tata Steel BSL, target price Rs 110: Yes Securities",https://news.google.com/articles/CAIiEJMK8l-JXctNbXpNLsiBOWUqGQgEKhAIACoHCAow2pqGCzD954MDMJzyigY?hl=en-MY&gl=MY&ceid=MY%3Aen,2 days ago
World's 2nd-largest steel producer to begin making green steel by 2025,https://news.google.com/articles/CAIiEGQlF9IEGlDx2IbOMrQ8nGYqFQgEKg0IACoGCAow8oA-MLswMJKBAQ?hl=en-MY&gl=MY&ceid=MY%3Aen,21-Jul
"China's steel output cuts could continue in H2, annual target may be readjusted",https://news.google.com/articles/CBMimgFodHRwczovL3d3dy5zcGdsb2JhbC5jb20vcGxhdHRzL2VuL21hcmtldC1pbnNpZ2h0cy9sYXRlc3QtbmV3cy9tZXRhbHMvMDgwMzIxLWNoaW5hcy1zdGVlbC1vdXRwdXQtY3V0cy1jb3VsZC1jb250aW51ZS1pbi1oMi1hbm51YWwtdGFyZ2V0LW1heS1iZS1yZWFkanVzdGVk0gEA?hl=en-MY&gl=MY&ceid=MY%3Aen,16 days ago
Outokumpu sees strong stainless steel demand continuing,https://news.google.com/articles/CBMiZGh0dHBzOi8vd3d3LnJldXRlcnMuY29tL2J1c2luZXNzL291dG9rdW1wdS1zZWVzLXN0cm9uZy1zdGFpbmxlc3Mtc3RlZWwtZGVtYW5kLWNvbnRpbnVpbmctMjAyMS0wOC0wNS_SAQA?hl=en-MY&gl=MY&ceid=MY%3Aen,14 days ago
This Tech-Driven Smart Water Bottle Held Me Accountable For My Hydration Habits,https://news.google.com/articles/CAIiECMrfcJMZacNsUMvoV1LSvkqEwgEKgwIACoFCAowgGgwwAUw0Q8?hl=en-MY&gl=MY&ceid=MY%3Aen,Yesterday
Sweden delivers world's first fossil-free steel,https://news.google.com/articles/CBMiW2h0dHBzOi8vd3d3LnRoZWdsb2JlYW5kbWFpbC5jb20vd29ybGQvdmlkZW8tc3dlZGVuLWRlbGl2ZXJzLXdvcmxkcy1maXJzdC1mb3NzaWwtZnJlZS1zdGVlbC_SAQA?hl=en-MY&gl=MY&ceid=MY%3Aen,37 minutes ago
Premarket Mover: United States Steel Corporation (X) Down 3.36%,https://news.google.com/articles/CBMib2h0dHBzOi8vd3d3LmludmVzdG9yc29ic2VydmVyLmNvbS9uZXdzL3N0b2NrLXVwZGF0ZS9wcmVtYXJrZXQtbW92ZXItdW5pdGVkLXN0YXRlcy1zdGVlbC1jb3Jwb3JhdGlvbi14LWRvd24tMy0zNtIBc2h0dHBzOi8vd3d3LmludmVzdG9yc29ic2VydmVyLmNvbS9uZXdzL3N0b2NrLXVwZGF0ZS9hbXAvcHJlbWFya2V0LW1vdmVyLXVuaXRlZC1zdGF0ZXMtc3RlZWwtY29ycG9yYXRpb24teC1kb3duLTMtMzY?hl=en-MY&gl=MY&ceid=MY%3Aen,2 hours ago
"China iron ore, steel futures range-bound; to post weekly loss",https://news.google.com/articles/CBMiOmh0dHBzOi8vd3d3LnJldXRlcnMuY29tL2FydGljbGUvYXNpYS1pcm9ub3JlLWlkVVNMMU4yUEQwOFHSATRodHRwczovL21vYmlsZS5yZXV0ZXJzLmNvbS9hcnRpY2xlL2FtcC9pZFVTTDFOMlBEMDhR?hl=en-MY&gl=MY&ceid=MY%3Aen,14 days ago
Redcar's new Regent cinema being built using Teesside steel,https://news.google.com/articles/CBMiZWh0dHBzOi8vd3d3LnRoZW5vcnRoZXJuZWNoby5jby51ay9uZXdzLzE5NTI0NzM2LnJlZGNhcnMtbmV3LXJlZ2VudC1jaW5lbWEtYnVpbHQtdXNpbmctdGVlc3NpZGUtc3RlZWwv0gEA?hl=en-MY&gl=MY&ceid=MY%3Aen,1 hour ago
Stainless steel beauty: Nature inspires new Kettering bridge sculpture,https://news.google.com/articles/CBMijAFodHRwczovL3d3dy5kYXl0b24uY29tL2NvbW11bml0eS9rZXR0ZXJpbmcvc3RhaW5sZXNzLXN0ZWVsLWJlYXV0eS1uYXR1cmUtaW5zcGlyZXMtbmV3LWtldHRlcmluZy1icmlkZ2Utc2N1bHB0dXJlL0hLVEhPS0czSUZGN1hDQVlZTlBLM1AzTElFL9IBmwFodHRwczovL3d3dy5kYXl0b24uY29tL2NvbW11bml0eS9rZXR0ZXJpbmcvc3RhaW5sZXNzLXN0ZWVsLWJlYXV0eS1uYXR1cmUtaW5zcGlyZXMtbmV3LWtldHRlcmluZy1icmlkZ2Utc2N1bHB0dXJlL0hLVEhPS0czSUZGN1hDQVlZTlBLM1AzTElFLz9vdXRwdXRUeXBlPWFtcA?hl=en-MY&gl=MY&ceid=MY%3Aen,12 hours ago
"Steel Prices Look Unsustainable, Evraz Says -- Commodity Comment",https://news.google.com/articles/CBMia2h0dHBzOi8vd3d3Lm1hcmtldHdhdGNoLmNvbS9zdG9yeS9zdGVlbC1wcmljZXMtbG9vay11bnN1c3RhaW5hYmxlLWV2cmF6LXNheXMtY29tbW9kaXR5LWNvbW1lbnQtMjcxNjI4MTQ3ODM00gFvaHR0cHM6Ly93d3cubWFya2V0d2F0Y2guY29tL2FtcC9zdG9yeS9zdGVlbC1wcmljZXMtbG9vay11bnN1c3RhaW5hYmxlLWV2cmF6LXNheXMtY29tbW9kaXR5LWNvbW1lbnQtMjcxNjI4MTQ3ODM0?hl=en-MY&gl=MY&ceid=MY%3Aen,14 days ago
Steel Imports Up 18.5% Year-To-Date Through June,https://news.google.com/articles/CBMiTmh0dHBzOi8vd3d3LnN0ZWVsLm9yZy8yMDIxLzA3L3N0ZWVsLWltcG9ydHMtdXAtMTgtNS15ZWFyLXRvLWRhdGUtdGhyb3VnaC1qdW5lL9IBAA?hl=en-MY&gl=MY&ceid=MY%3Aen,26-Jul
