Title,Title_URL,Image,wewyrc_URL,wewyrc,Time,u26fgb,u26fgb1,u26fgb2
China Cuts Steel Production. How That Hurts Iron-Ore Prices.,https://news.google.com/articles/CAIiEIw4f4FbvH9FuNPKJ62HX70qGAgEKg8IACoHCAown9bJATD3yxUw96_BBg?hl=en-MY&gl=MY&ceid=MY%3Aen,https://lh3.googleusercontent.com/proxy/IaHRZWv9oyM8Cj7Bx8E5SRodd6gT8IbptwEoS2RLYG6tRfww05icJ5g1qWC7PAZB2p3dApuOFde6eQ7fKEW-FNDQTl2q2Or72VrRlcpBRAym=s0-w100-h100-p-rw-df,https://news.google.com/publications/CAAqBwgKMJ_WyQEw98sV?hl=en-MY&gl=MY&ceid=MY%3Aen,Barron's,7 hours ago,bookmark_border,share,more_vert
‘Green steel’: Swedish company ships first batch made without using coal,https://news.google.com/articles/CAIiECLCHOPzFv28-77owg-zvYUqFggEKg4IACoGCAowl6p7MN-zCTDMwRU?hl=en-MY&gl=MY&ceid=MY%3Aen,https://lh3.googleusercontent.com/proxy/a__Y0rTE1zOzJ6m2r-ef0dXax5xzN21LCyaeGbfxQqku3mKv8RsPgf00G1mMi-TwbtJbJ_hVbSKgpQOgNVkqiyMbaQvOpG5Mg9Ccn2cQXcKUk188segtOgkPdBDm5_1pVlJeBI_4uEeNhafpcfR59-HDkuHkRYcutA4Q7iPjFEnPTSeztTRSdzvdnKvBVOx4wUueV-EZtD7f4D2J2yalorZDiokGVp5AmQdxpvXCN8zdxnpsJLRYKOlgrdfgW9Z9eKp_a-rIOeOf_LiDSUnoRqK_dn5q8c0YciubREqgzJIKNeuZ0FNH4vwXyKL5_coR0kXdLgjIBaDnlZ5Y6bM2XC_h_8tQaG0nba6Cc85lVX9ZuhK0tGVVdAMwuQsCjB2l48W3dCuChGuiJF7909egs6fCA4cCIfDt1tjihjsD0p0gD_rwfuaFhzN2n-SBqB51huiTwykZfl0=s0-w100-h100-p-rw-df,https://news.google.com/publications/CAAqBggKMJeqezDfswk?hl=en-MY&gl=MY&ceid=MY%3Aen,The Guardian,5 hours ago,bookmark_border,share,more_vert
Analysis: Green-push dilemma: China's steel curbs could cripple price control efforts,https://news.google.com/articles/CBMieWh0dHBzOi8vd3d3LnJldXRlcnMuY29tL3dvcmxkL2NoaW5hL2dyZWVuLXB1c2gtZGlsZW1tYS1jaGluYXMtc3RlZWwtY3VyYnMtY291bGQtY3JpcHBsZS1wcmljZS1jb250cm9sLWVmZm9ydHMtMjAyMS0wOC0xNy_SAQA?hl=en-MY&gl=MY&ceid=MY%3Aen,https://lh3.googleusercontent.com/proxy/aezpFDQMVACCJ_UW6np8ToWQpL7pJsynu0sMbWMGE4iCkpyjUm9fnR-t5VFQTy0TYgjrmYRQ9P0gFi4eYCx5RWhNYSgLtoZ4EPrP6GE-qEQWgJaZGG9__rUQDOu8aUzCRaaZH7upYmS7r-kEZrfazPTk4G_-K24=s0-w100-h100-p-rw-df,,Reuters,Yesterday,bookmark_border,share,more_vert
India's Tata Steel launches steel recycling plant,https://news.google.com/articles/CBMiW2h0dHBzOi8vd3d3LmFyZ3VzbWVkaWEuY29tL2VuL25ld3MvMjI0NTc2NS1pbmRpYXMtdGF0YS1zdGVlbC1sYXVuY2hlcy1zdGVlbC1yZWN5Y2xpbmctcGxhbnTSAQA?hl=en-MY&gl=MY&ceid=MY%3Aen,,,Argus Media,6 hours ago,bookmark_border,share,more_vert
"Iron ore prices falling as China reins in steelmaking, battles coronavirus",https://news.google.com/articles/CAIiEATlTD68XlHULFnzPDaX35AqGQgEKhAIACoHCAowief2CjCJ2dUCMNvwrAU?hl=en-MY&gl=MY&ceid=MY%3Aen,https://lh3.googleusercontent.com/proxy/TjcFwrzt9Y-l6x34j-Z2VwIsRQF2bkgdCeHOjDg5XRk6NduTMG0hGMhcgQakBUdf5gqAmn8UOKKy76L9OLwKGHHPEwfYMcjdfYy7i22mwVzMW_Ue3lE3T5oCGdOokY5gORaSPatjo7qDKMNFCX96h_m4s-kyJTiAxUZ0SpSyuOgk8XzN2EL0M4ah62NBenyJOvI5sXVY_T6bwTEP_E9HbFTq04mvgac4z5X5XhhL7Mkjua-c29EU6_vrM4dxMovJ2LH0lkduJ-bEOIxFIqTGjQ=s0-w100-h100-p-rw-df,https://news.google.com/publications/CAAqBwgKMInn9gowidnVAg?hl=en-MY&gl=MY&ceid=MY%3Aen,South China Morning Post,Yesterday,bookmark_border,share,more_vert
HYBRIT technology delivers the world's first fossil-free steel to Volvo Group,https://news.google.com/articles/CBMia2h0dHBzOi8vd3d3LmgyLXZpZXcuY29tL3N0b3J5L2h5YnJpdC10ZWNobm9sb2d5LWRlbGl2ZXJzLXRoZS13b3JsZHMtZmlyc3QtZm9zc2lsLWZyZWUtc3RlZWwtdG8tdm9sdm8tZ3JvdXAv0gEA?hl=en-MY&gl=MY&ceid=MY%3Aen,https://lh3.googleusercontent.com/proxy/LG8mVZ1cYSqgICZxaq6o_sfa5qIljiSVPUEHJh5-qvmGsWSMQX48Mpr-EBN2vJg6tpuYhwCCSFYzJxlHsNBVHlrL44gwiaa1qovF3n2_Z1341aD2hqWpmIndtd0Sb4ds-3Yq9psNXMyALIkFe4hiH5HFW8bVsTOC7k5ycla5lA=s0-w100-h100-p-rw-df,,H2 View,22 hours ago,bookmark_border,share,more_vert
China's steel exports to Australia drop 50% in blow to local economy,https://news.google.com/articles/CBMiNGh0dHBzOi8vd3d3Lmdsb2JhbHRpbWVzLmNuL3BhZ2UvMjAyMTA4LzEyMzE3MTAuc2h0bWzSAQA?hl=en-MY&gl=MY&ceid=MY%3Aen,https://lh3.googleusercontent.com/proxy/GiaoFoAlnuTfZ_CVF4pIBrUfxHceRVVBokFiv6z7jf9Kd-xZmLCjmNbAjMVbT5zeImdkew4ZRbjmaMUhZGhbSL6zmauoyIErJeMfFu1dfB7nGy8Ylg8TfbPkq_k5f0uwWq6RE6GOi5lcIgbjdyVuXU_ln5T-BsubuSyG6Onj4UegtonL=s0-w100-h100-p-rw-df,,Global Times,2 days ago,bookmark_border,share,more_vert
Steel Stocks Are on Fire. Let Investors Beware.,https://news.google.com/articles/CAIiELIp1F9v7tXhh7FC1EkmQLsqGAgEKg8IACoHCAown9bJATD3yxUw96_BBg?hl=en-MY&gl=MY&ceid=MY%3Aen,https://lh3.googleusercontent.com/proxy/PUXYqiW6bSNojtIHLqQTAh21sOT5e3ZYAnYfSi7ZQeebfR3xmfCZJddNiRiryQEvtrqu_NsPmi1PBTMDpLMuFDGUb_yHVR_qANkb8-1xlQer=s0-w100-h100-p-rw-df,https://news.google.com/publications/CAAqBwgKMJ_WyQEw98sV?hl=en-MY&gl=MY&ceid=MY%3Aen,Barron's,6 hours ago,bookmark_border,share,more_vert
'Juxtapose': Tang Mun Kian exhibits new steel caricatures at Macao International Art Biennale 2021,https://news.google.com/articles/CBMie2h0dHBzOi8vd3d3Lm9wdGlvbnN0aGVlZGdlLmNvbS90b3BpYy9jdWx0dXJlL2p1eHRhcG9zZS10YW5nLW11bi1raWFuLWV4aGliaXRzLW5ldy1zdGVlbC1jYXJpY2F0dXJlcy1tYWNhby1pbnRlcm5hdGlvbmFsLWFydNIBAA?hl=en-MY&gl=MY&ceid=MY%3Aen,https://lh3.googleusercontent.com/proxy/yIBsPCgLNEoNnR7X_7l7ON92-8LVzeOJgOtJHWww5tjCZI-B4lxX3RqWdwNKWaXnpa7JsIvdJILZTeJgTyaNSQ6YLSpsDYUNRYtUmWA_m6zxjg9SsKBux4tGQs4U7sXdRSeHi7tMgYX1GYUwhGN9t26Kkwl8J7wmWT-_maMdxA=s0-w100-h100-p-rw-df,,Options The Edge,Yesterday,bookmark_border,share,more_vert
China's steel outlooks dim as curbs take hold,https://news.google.com/articles/CBMiV2h0dHBzOi8vd3d3LmFyZ3VzbWVkaWEuY29tL2VuL25ld3MvMjI0NTg2NC1jaGluYXMtc3RlZWwtb3V0bG9va3MtZGltLWFzLWN1cmJzLXRha2UtaG9sZNIBAA?hl=en-MY&gl=MY&ceid=MY%3Aen,,,Argus Media,1 hour ago,bookmark_border,share,more_vert
MSI: Covid-19 clouds outlook of iron and steel,https://news.google.com/articles/CAIiECoscgAKJtljz2rzpjiB5rwqGQgEKhAIACoHCAow-N7eCjC60NYBMOu1sAM?hl=en-MY&gl=MY&ceid=MY%3Aen,https://lh3.googleusercontent.com/proxy/t_4Ekth1GATA3oODjopLFLSLS55xQmSGjrspxRMvwukZKssNN4ryKV8kxrOGx8_QIykMFCFRAIV_Z7n-J1MYJZeHMlWr8_p5JqrmIgpBoWzeOmD2uJTlKqVzqx1oOA=s0-w100-h100-p-rw-df,https://news.google.com/publications/CAAqBwgKMPje3gowutDWAQ?hl=en-MY&gl=MY&ceid=MY%3Aen,The Star Online,8 days ago,bookmark_border,share,more_vert
South Korean steel scrap imports continue revival amid higher steel output,https://news.google.com/articles/CBMidmh0dHBzOi8vd3d3LmZhc3RtYXJrZXRzLmNvbS9hcnRpY2xlLzQwMDM2NDUvc291dGgta29yZWFuLXN0ZWVsLXNjcmFwLWltcG9ydHMtY29udGludWUtcmV2aXZhbC1hbWlkLWhpZ2hlci1zdGVlbC1vdXRwdXTSAQA?hl=en-MY&gl=MY&ceid=MY%3Aen,,,Fastmarkets news,Yesterday,bookmark_border,share,more_vert
Green-push dilemma: China's steel curbs could cripple price control efforts,https://news.google.com/articles/CBMib2h0dHBzOi8vd3d3LmhlbGxlbmljc2hpcHBpbmduZXdzLmNvbS9ncmVlbi1wdXNoLWRpbGVtbWEtY2hpbmFzLXN0ZWVsLWN1cmJzLWNvdWxkLWNyaXBwbGUtcHJpY2UtY29udHJvbC1lZmZvcnRzL9IBc2h0dHBzOi8vd3d3LmhlbGxlbmljc2hpcHBpbmduZXdzLmNvbS9ncmVlbi1wdXNoLWRpbGVtbWEtY2hpbmFzLXN0ZWVsLWN1cmJzLWNvdWxkLWNyaXBwbGUtcHJpY2UtY29udHJvbC1lZmZvcnRzL2FtcC8?hl=en-MY&gl=MY&ceid=MY%3Aen,https://lh3.googleusercontent.com/proxy/M7RA-wqTD01WpfbZdocZraNPynuax3NXmiX6jxEb9M-wARBGpYESdzFdk7kDUY6ANIFIYQdFK3-RnWNWc87_MrXf2z5WWpEIx_PP9LU6rQEl3FP2I6TmGCYFwAW3fdsr28-x35lvwotA3waQgA=s0-w100-h100-p-rw-df,,Hellenic Shipping News Worldwide,21 hours ago,bookmark_border,share,more_vert
Steel prices are up 219% since early 2020. What to expect next,https://news.google.com/articles/CBMiUGh0dHBzOi8vZm9ydHVuZS5jb20vMjAyMS8wOC8xNi9zdGVlbC1wcmljZXMtMjAyMS1jb3ZpZC1jb21tb2RpdGllcy1sdW1iZXItY29zdHMv0gFUaHR0cHM6Ly9mb3J0dW5lLmNvbS8yMDIxLzA4LzE2L3N0ZWVsLXByaWNlcy0yMDIxLWNvdmlkLWNvbW1vZGl0aWVzLWx1bWJlci1jb3N0cy9hbXAv?hl=en-MY&gl=MY&ceid=MY%3Aen,https://lh3.googleusercontent.com/proxy/xZLnHSLc8EZTPIog00GVK53Zz4dqKCbgVMjb9rONUTFsGnFEd9owPE5YaCKIrnp0XCC8k9DqcBgVwevutqzW9TCxS2s6PGXbWn-59_ybSvDM5aU-2uANATuUnRhuyfuS7167slYgUVB71_diIbJfZchXoWNfbAYr4VIum2iEIvnbx50=s0-w100-h100-p-rw-df,,Fortune,2 days ago,bookmark_border,share,more_vert
Chinese iron ore hits near 5-month low as steel curbs hurt,https://news.google.com/articles/CBMiYGh0dHBzOi8vd3d3LmhlbGxlbmljc2hpcHBpbmduZXdzLmNvbS9jaGluZXNlLWlyb24tb3JlLWhpdHMtbmVhci01LW1vbnRoLWxvdy1hcy1zdGVlbC1jdXJicy1odXJ0L9IBZGh0dHBzOi8vd3d3LmhlbGxlbmljc2hpcHBpbmduZXdzLmNvbS9jaGluZXNlLWlyb24tb3JlLWhpdHMtbmVhci01LW1vbnRoLWxvdy1hcy1zdGVlbC1jdXJicy1odXJ0L2FtcC8?hl=en-MY&gl=MY&ceid=MY%3Aen,https://lh3.googleusercontent.com/proxy/2ZtAnysaKPi53_4rHmYmJ_uavscEWZtGY3mq3cooTtXqfGtYAVSpQY-96oFoferRrabjuBK2alENJPEUcvifuUPrEgh31Zg4Me1Qe1i0ldTCjpQvBbcTRH17UXIL3x8cZf9M1VnoHqqMnAQ_ieoZ8w=s0-w100-h100-p-rw-df,,Hellenic Shipping News Worldwide,21 hours ago,bookmark_border,share,more_vert
"Feintool Says Steel Bottlenecks, Prices Put Automotive Recovery at Risk -- Commodity Comment",https://news.google.com/articles/CBMihwFodHRwczovL3d3dy5tYXJrZXR3YXRjaC5jb20vc3RvcnkvZmVpbnRvb2wtc2F5cy1zdGVlbC1ib3R0bGVuZWNrcy1wcmljZXMtcHV0LWF1dG9tb3RpdmUtcmVjb3ZlcnktYXQtcmlzay1jb21tb2RpdHktY29tbWVudC0yNzE2MjkzNjk5NznSAYsBaHR0cHM6Ly93d3cubWFya2V0d2F0Y2guY29tL2FtcC9zdG9yeS9mZWludG9vbC1zYXlzLXN0ZWVsLWJvdHRsZW5lY2tzLXByaWNlcy1wdXQtYXV0b21vdGl2ZS1yZWNvdmVyeS1hdC1yaXNrLWNvbW1vZGl0eS1jb21tZW50LTI3MTYyOTM2OTk3OQ?hl=en-MY&gl=MY&ceid=MY%3Aen,https://lh3.googleusercontent.com/proxy/uaGgOvn-W-LqoQ86gIguojqEo1TP7bEN14XYKj6AVb0pfObtyJqZGvb4t9WbRgRJNmNx7xeUiHJufNICh1FOBKWwVzzW5SSiT0NsqHgf-syZB4k=s0-w100-h100-p-rw-df,,MarketWatch,4 hours ago,bookmark_border,share,more_vert
"Exporters want steel, pharmaceuticals sectors under RoDTEP scheme",https://news.google.com/articles/CAIiEIbtqPRBRGgswk0-HiRu_AoqGQgEKhAIACoHCAowsLXdCjCm3dEBMOThpAM?hl=en-MY&gl=MY&ceid=MY%3Aen,https://lh3.googleusercontent.com/proxy/KXAd09B2CgcduUqcr411QROslESbWBKazmEzJpsP4E6gI61_mCaKlW5G4WGDz93ika69-N5WBRJzI4fKSPV57Haswqoej--N97dcGGHdV7yxNrL5CXywA-GJOQJ-XpiuyjIHQfpcw7i4mJGK6aIikVmm5T5Gb_LguvSg-t7aPLdqOe7Xf7zWnde5y9zWm42B-Rai3OJpsul0jq4nIvMOzrOp59XNqOjeUd-SoZTgMmFje-FPTMxfkySmpnbGGjR8Yt2UjB2BBJA=s0-w100-h100-p-rw-df,https://news.google.com/publications/CAAqBwgKMLC13Qowpt3RAQ?hl=en-MY&gl=MY&ceid=MY%3Aen,Business Standard,20 hours ago,bookmark_border,share,more_vert
"What is Steel Fabrication: Uses, Purpose, and Benefits - Robotics and Automation News",https://news.google.com/articles/CBMia2h0dHBzOi8vcm9ib3RpY3NhbmRhdXRvbWF0aW9ubmV3cy5jb20vMjAyMS8wOC8xOC93aGF0LWlzLXN0ZWVsLWZhYnJpY2F0aW9uLXVzZXMtcHVycG9zZS1hbmQtYmVuZWZpdHMvNDU1Njkv0gEA?hl=en-MY&gl=MY&ceid=MY%3Aen,https://lh3.googleusercontent.com/proxy/1WfeJ06ivKE8EH0eFQ0FDA4Ebbfzk5ltDbIOwxYE5sNjFJkwlUmpRvUsLyOWanogesRTV2H_Uk0Pg7qzE0A5tvwUDnkvvk8L2DrDt2bpN2gkFM4cPc4iDDIBbY196hQAxcv09tFBDPR94i_XnMi0UgL11sM=s0-w100-h100-p-rw-df,,Robotics and Automation News,17 hours ago,bookmark_border,share,more_vert
Here's How Much a $1000 Investment in Steel Dynamics Made 10 Years Ago Would Be Worth Today,https://news.google.com/articles/CBMifGh0dHBzOi8vd3d3Lm5hc2RhcS5jb20vYXJ0aWNsZXMvaGVyZXMtaG93LW11Y2gtYS0lMjQxMDAwLWludmVzdG1lbnQtaW4tc3RlZWwtZHluYW1pY3MtbWFkZS0xMC15ZWFycy1hZ28td291bGQtYmUtd29ydGgtdG9kYXnSAYABaHR0cHM6Ly93d3cubmFzZGFxLmNvbS9hcnRpY2xlcy9oZXJlcy1ob3ctbXVjaC1hLSUyNDEwMDAtaW52ZXN0bWVudC1pbi1zdGVlbC1keW5hbWljcy1tYWRlLTEwLXllYXJzLWFnby13b3VsZC1iZS13b3J0aC10b2RheT9hbXA?hl=en-MY&gl=MY&ceid=MY%3Aen,,,Nasdaq,2 hours ago,bookmark_border,share,more_vert
Stainless steel demand; European sourcing woes; global steel output down,https://news.google.com/articles/CBMilQFodHRwczovL3NwZW5kbWF0dGVycy5jb20vMjAyMS8wNy8zMC9jb21tb2RpdGllcy1yb3VuZHVwLXN0YWlubGVzcy1zdGVlbC1kZW1hbmQtcG93ZXJzLW5pY2tlbC1ldXJvcGVhbi1zb3VyY2luZy13b2VzLWdsb2JhbC1zdGVlbC1vdXRwdXQtZG93bi1pbi1qdW5lL9IBAA?hl=en-MY&gl=MY&ceid=MY%3Aen,https://lh3.googleusercontent.com/proxy/Aqwk73ZzT4zaui2vwC3zx2wFw1dD_Wx-62TMciU6nwzQR6-xaeY-sVJY1TMC3ESnuz_C5CgTUauBdr7AMxz2zb-A1-ejeT_t-DliMyXUzvyG7TAkspFkObh48d2NKANMBAsS-FI=s0-w100-h100-p-rw-df,,Spend Matters,30-Jul,bookmark_border,share,more_vert
How a global steel manufacturer is paving the way in sustainability - Verdict Medical Devices,https://news.google.com/articles/CAIiEG_3BHLT-5vNFWj7suZ4UHwqMwgEKioIACIQNGd3J4FOKVIPukk2L3Ez1yoUCAoiEDRndyeBTilSD7pJNi9xM9cwzIrpBg?hl=en-MY&gl=MY&ceid=MY%3Aen,https://lh3.googleusercontent.com/proxy/v1yASRStIlyxu-YPwVW_0mlUz6y_gKk8O21BCm_8DeqYJx0ANUAX4RJ6b6IL5BmQBRIJsvcaILyfJJsrTZidEDjuRwo9cFV1AgZKHgG2-tVR3JSIJIxhGgR83wwrvL62bmYu37zQ007HQd9kr7woiO7Dwe3wXgQnuNnhvOdcze_ct8gmURP2CFi7Pws=s0-w100-h100-p-rw-df,https://news.google.com/publications/CAAiEDRndyeBTilSD7pJNi9xM9cqFAgKIhA0Z3cngU4pUg-6STYvcTPX?hl=en-MY&gl=MY&ceid=MY%3Aen,Medical Device Network,5 hours ago,bookmark_border,share,more_vert
China squeezes steel exports again to expand sector overhaul,https://news.google.com/articles/CBMiYGh0dHBzOi8vd3d3LnRoZWVkZ2VtYXJrZXRzLmNvbS9hcnRpY2xlL2NoaW5hLXNxdWVlemVzLXN0ZWVsLWV4cG9ydHMtYWdhaW4tZXhwYW5kLXNlY3Rvci1vdmVyaGF1bNIBAA?hl=en-MY&gl=MY&ceid=MY%3Aen,https://lh3.googleusercontent.com/proxy/V732sL-vUP6lXp2xWl2Z7ZA35ufeg5KgHVoz1YoW8-U8PVv3wtZBiqHL0vyTMc6P_s5C3kg81KLqttQjMXTmDG_bd93fvMFmAqiFvUFzd_mP-sk7KTvvLT3AUpdxOf9CilbfR0BcbvJUjNe0amugMTtoRCP313EkYKF5oCEJ2AlheysEIRzQBK4kJlgT89Q=s0-w100-h100-p-rw-df,,The Edge Markets MY,29-Jul,bookmark_border,share,more_vert
US Steel to shut another two blast furnaces for work in fourth quarter: spokeswoman,https://news.google.com/articles/CBMinwFodHRwczovL3d3dy5zcGdsb2JhbC5jb20vcGxhdHRzL2VuL21hcmtldC1pbnNpZ2h0cy9sYXRlc3QtbmV3cy9tZXRhbHMvMDgxODIxLXVzLXN0ZWVsLXRvLXNodXQtYW5vdGhlci10d28tYmxhc3QtZnVybmFjZXMtZm9yLXdvcmstaW4tZm91cnRoLXF1YXJ0ZXItc3Bva2Vzd29tYW7SAQA?hl=en-MY&gl=MY&ceid=MY%3Aen,,,S&P Global,20 hours ago,bookmark_border,share,more_vert
"Stainless steel, carbon steel, or fiberglass? How to determine the ideal enclosure material for your application",https://news.google.com/articles/CBMikAFodHRwczovL3d3dy5kZXNpZ253b3JsZG9ubGluZS5jb20vc3RhaW5sZXNzLXN0ZWVsLWNhcmJvbi1zdGVlbC1vci1maWJlcmdsYXNzLWhvdy10by1kZXRlcm1pbmUtdGhlLWlkZWFsLWVuY2xvc3VyZS1tYXRlcmlhbC1mb3IteW91ci1hcHBsaWNhdGlvbi_SAQA?hl=en-MY&gl=MY&ceid=MY%3Aen,https://lh3.googleusercontent.com/proxy/VKw4JF5JdoI_URWFAQKm4oM-bJGPpBcvUG1FvbnX484EiY4BguTAWXUo_gjocTyILoA0laN1Wl0u2nVY7m7iTLckY6kbLee8d3qt0tLJ5xEVdeIkXOPaONuDMnoS4bTT1fC_tLoMH9qw0RI2LiWS171dCnFC4MJtsrIhPwAlBL5GbbXZjgSfMsYEOXVjgsP4VA=s0-w100-h100-p-rw-df,,Design World Network,18 days ago,bookmark_border,share,more_vert
Etihad Rail partners Al Ghurair Iron & Steel to transport its products in UAE,https://news.google.com/articles/CBMiemh0dHBzOi8vZ3VsZm5ld3MuY29tL2J1c2luZXNzL2V0aWhhZC1yYWlsLXBhcnRuZXJzLWFsLWdodXJhaXItaXJvbi0tc3RlZWwtdG8tdHJhbnNwb3J0LWl0cy1wcm9kdWN0cy1pbi11YWUtMS4xNjI5MzY4OTI4ODM20gF-aHR0cHM6Ly9ndWxmbmV3cy5jb20vYW1wL2J1c2luZXNzL2V0aWhhZC1yYWlsLXBhcnRuZXJzLWFsLWdodXJhaXItaXJvbi0tc3RlZWwtdG8tdHJhbnNwb3J0LWl0cy1wcm9kdWN0cy1pbi11YWUtMS4xNjI5MzY4OTI4ODM2?hl=en-MY&gl=MY&ceid=MY%3Aen,https://lh3.googleusercontent.com/proxy/vRdELPHB3mQeSnORiNgCJEnJpwXfYGK_Jw8SpsLEWzzVottfziuXT4uc48Cyo5-W5DPaDRI75QU_wsWo7JGMtwjcYJmkFMijYDLWj6aVJPVcWFTxkKXN9LIzIjD8t9ip3I2tIRP33911Ni8BsFoFazYPn_N8c1JkQbjEesAO9orSINMnqeDkNAXJhUGFkKKZYYRWd9q32eXAv_UlFbymdcqb46I2uH8X6YeDtDCOEa07pOk=s0-w100-h100-p-rw-df,,Gulf News,4 hours ago,bookmark_border,share,more_vert
Tata Steel rallies on rare double ratings upgrade,https://news.google.com/articles/CBMibmh0dHBzOi8vd3d3LnRoZXN0YXIuY29tLm15L2J1c2luZXNzL2J1c2luZXNzLW5ld3MvMjAyMS8wOC8wNi90YXRhLXN0ZWVsLXJhbGxpZXMtb24tcmFyZS1kb3VibGUtcmF0aW5ncy11cGdyYWRl0gEA?hl=en-MY&gl=MY&ceid=MY%3Aen,https://lh3.googleusercontent.com/proxy/7uje5alrLNSjXowKB2D_4jfP1nbjo1OAa6-lPP8-egz7URXLhIPXIrUCbtmXtFiBGtX2T18R-qcGaeh3iK-ASPaKlKkuPqjT5COmvERDF1MsegmMOfDDc6NrVs-ivw=s0-w100-h100-p-rw-df,,The Star Online,13 days ago,bookmark_border,share,more_vert
PMC offers bespoke solution for treating contaminated steel scrap,https://news.google.com/articles/CBMiZmh0dHBzOi8vd2FzdGUtbWFuYWdlbWVudC13b3JsZC5jb20vYS9wbWMtb2ZmZXJzLWJlc3Bva2Utc29sdXRpb24tZm9yLXRyZWF0aW5nLWNvbnRhbWluYXRlZC1zdGVlbC1zY3JhcNIBAA?hl=en-MY&gl=MY&ceid=MY%3Aen,https://lh3.googleusercontent.com/proxy/GR2AwScVyj1uVwl1fg-Z5XWckZPyvT6yEGsQ40cdG8L88v-EHbcfZoPn4XFls1CYE25wR23UtgGT_JiW-SeVVd-weWQWngsfSxbGOMkkHZYXYmxbFARE6B8=s0-w100-h100-p-rw-df,,Waste Management World,Yesterday,bookmark_border,share,more_vert
"TURKEY LONG STEEL EXPORTS: Prices down again on limited demand, softer scrap costs",https://news.google.com/articles/CBMikAFodHRwczovL3d3dy5tZXRhbGJ1bGxldGluLmNvbS9BcnRpY2xlLzQwMDM5MjUvQ2FyYm9uLXN0ZWVsL1RVUktFWS1MT05HLVNURUVMLUVYUE9SVFMtUHJpY2VzLWRvd24tYWdhaW4tb24tbGltaXRlZC1kZW1hbmQtc29mdGVyLXNjcmFwLWNvc3RzLmh0bWzSAQA?hl=en-MY&gl=MY&ceid=MY%3Aen,,,Metalbulletin.com,14 minutes ago,bookmark_border,share,more_vert
"U.S. Steel (X) Hits 52-Week High, Can the Run Continue?",https://news.google.com/articles/CAIiENlSKYhU7aUC4dH9fPDUFkkqMwgEKioIACIQT4VDYmxpaDN7y5JvscS9FioUCAoiEE-FQ2JsaWgze8uSb7HEvRYw7fHMBg?hl=en-MY&gl=MY&ceid=MY%3Aen,,https://news.google.com/publications/CAAiEE-FQ2JsaWgze8uSb7HEvRYqFAgKIhBPhUNibGloM3vLkm-xxL0W?hl=en-MY&gl=MY&ceid=MY%3Aen,Nasdaq,1 hour ago,bookmark_border,share,more_vert
Chinese steel prices fall on scepticism over emission policies,https://news.google.com/articles/CAIiELOSACfL6SsOvEvAG9vFNaYqFwgEKg8IACoHCAow-4fWBzD4z0gwwtp6?hl=en-MY&gl=MY&ceid=MY%3Aen,https://lh3.googleusercontent.com/proxy/cYmwBhOiuHrgLyLxFu4DKfvlKsA0nw8ccMOae_LP7P4C68K1t7bDuAG40xl8NwBXpacwCXojQODvxUgmiW-gMx_MF3LJL2ZZdnvRLYfZ8c-oZ4-rCBmhyZl-7yR1syDGnBJh8ppohbuSovJtHq53OIzwgP8=s0-w100-h100-p-rw-df,https://news.google.com/publications/CAAqBwgKMPuH1gcw-M9I?hl=en-MY&gl=MY&ceid=MY%3Aen,Financial Times,17 days ago,bookmark_border,share,more_vert
JSW Steel Employees Trust sells shares of JSW Steel,https://news.google.com/articles/CAIiEITLAL8aeDlp1ixqdSMf6CcqGQgEKhAIACoHCAownZiCCzDY7_4CMNPw8gU?hl=en-MY&gl=MY&ceid=MY%3Aen,https://lh3.googleusercontent.com/proxy/kxiRRnlzGM2bu4p8wHg03ziZrueOeW6SQvy21hOaRT6e9vmvJqpFtSSZCZ4MMFdgXruYN8o0C7-n4q7EbYV_uAW1nLTnQ4n7a00wpvVNIiKNBKNu7H12mlhNU9KuS56ZlfHcNEUQH1xUxFkKHG6cINbQHxsQvpplps44L7_ChmB0t1dPDr_N=s0-w100-h100-p-rw-df,https://news.google.com/publications/CAAqBwgKMJ2Yggsw2O_-Ag?hl=en-MY&gl=MY&ceid=MY%3Aen,BusinessLine,Yesterday,bookmark_border,share,more_vert
"Exclusive: Indian steel realisations to hold in this quarter, Europe to see material improvement: Tata...",https://news.google.com/articles/CAIiEG5RXOc_tpv753QU6o9_blkqGQgEKhAIACoHCAowlbCPCzCrzaIDMOjUrgY?hl=en-MY&gl=MY&ceid=MY%3Aen,https://lh3.googleusercontent.com/proxy/89auz3bGPLo58bouCmmf9EP6M3s_HcHz1k9c1sCUgPVF8trYpeEgL9-_ogO6hf0kCCOuAhO6CI49v69boDTPl5kCCEnd8kZRPYojM6B0MeBv5-w9PRmsOYjPzM84wLeE7QU1AuyyhBfR=s0-w100-h100-p-rw-df,https://news.google.com/publications/CAAqBwgKMJWwjwswq82iAw?hl=en-MY&gl=MY&ceid=MY%3Aen,Moneycontrol,Yesterday,bookmark_border,share,more_vert
Majestic Steel USA Acquires Merit Steel USA,https://news.google.com/articles/CBMiY2h0dHBzOi8vd3d3LnBybmV3c3dpcmUuY29tL25ld3MtcmVsZWFzZXMvbWFqZXN0aWMtc3RlZWwtdXNhLWFjcXVpcmVzLW1lcml0LXN0ZWVsLXVzYS0zMDEzNTc0MDYuaHRtbNIBAA?hl=en-MY&gl=MY&ceid=MY%3Aen,https://lh3.googleusercontent.com/proxy/HzsY_4onvXvaR8icSzv9PKrkcIysXs00qORwpPHfbUQcZB4yRVIzlV9Y76iagKczNZH4T492aH0nSsaVHppp_oAqH57mtJsb1KsgK7nPALRAhptAa3eLo5u3lhk6ggiee0XMjiQecBO4=s0-w100-h100-p-rw-df,,PRNewswire,Yesterday,bookmark_border,share,more_vert
"Pharma, steel exporters to take up RoDTEP exclusion with Piyush Goyal",https://news.google.com/articles/CBMilgFodHRwczovL2Vjb25vbWljdGltZXMuaW5kaWF0aW1lcy5jb20vbmV3cy9lY29ub215L2ZvcmVpZ24tdHJhZGUvcGhhcm1hLXN0ZWVsLWV4cG9ydGVycy10by10YWtlLXVwLXJvZHRlcC1leGNsdXNpb24td2l0aC1nb3lhbC9hcnRpY2xlc2hvdy84NTQzODg2NS5jbXPSAZEBaHR0cHM6Ly9tLmVjb25vbWljdGltZXMuY29tL25ld3MvZWNvbm9teS9mb3JlaWduLXRyYWRlL3BoYXJtYS1zdGVlbC1leHBvcnRlcnMtdG8tdGFrZS11cC1yb2R0ZXAtZXhjbHVzaW9uLXdpdGgtZ295YWwvYW1wX2FydGljbGVzaG93Lzg1NDM4ODY1LmNtcw?hl=en-MY&gl=MY&ceid=MY%3Aen,https://lh3.googleusercontent.com/proxy/p5qsb8yYUVFwdwRAPxHeW9alPxXMs27TbOSYmbHW9D8F8tb9wS0as5dcKjs6uxn6iPIVqkw8T4t-06615NEjB2pC8h7tgFRdncTy2mywwBCrtj-2b6UobOJU2FgcaiHcuAe15r9EUzGYQEt6LA_UIlK0fr3LX3dQuavygXxoXNqU4OficEJ-0ZzZJPEiOpbteA=s0-w100-h100-p-rw-df,,Economic Times,12 hours ago,bookmark_border,share,more_vert
Tata Steel interested in acquiring Vizag-based RINL: CEO TV Narendran,https://news.google.com/articles/CBMimQFodHRwczovL3RpbWVzb2ZpbmRpYS5pbmRpYXRpbWVzLmNvbS9idXNpbmVzcy9pbmRpYS1idXNpbmVzcy90YXRhLXN0ZWVsLWludGVyZXN0ZWQtaW4tYWNxdWlyaW5nLXZpemFnLWJhc2VkLXJpbmwtY2VvLXR2LW5hcmVuZHJhbi9hcnRpY2xlc2hvdy84NTM5NTc2NS5jbXPSAZQBaHR0cHM6Ly9tLnRpbWVzb2ZpbmRpYS5jb20vYnVzaW5lc3MvaW5kaWEtYnVzaW5lc3MvdGF0YS1zdGVlbC1pbnRlcmVzdGVkLWluLWFjcXVpcmluZy12aXphZy1iYXNlZC1yaW5sLWNlby10di1uYXJlbmRyYW4vYW1wX2FydGljbGVzaG93Lzg1Mzk1NzY1LmNtcw?hl=en-MY&gl=MY&ceid=MY%3Aen,https://lh3.googleusercontent.com/proxy/QUZ9DLo2ONatDcLSPYdyPXVVx35p8reKrI78JM8HdemcX7CpJ8T_1hdrEqlWHI31u8rXc1nUDIcGXGffcQ1pj-BEIiK4-B-yxSM0-lklZYlW9Ku3ygZpu15CpO6uJeqfzirXLLIoyW5qUUrDW1pAng=s0-w100-h100-p-rw-df,,Times of India,2 days ago,bookmark_border,share,more_vert
ASIA STEEL SCRAP DIGEST: Japan sentiment weakens after drop in Kanto tender,https://news.google.com/articles/CBMikQFodHRwczovL3d3dy5tZXRhbGJ1bGxldGluLmNvbS9BcnRpY2xlLzQwMDM4MTkvU2NyYXAtYW5kLXNlY29uZGFyeS9BU0lBLVNURUVMLVNDUkFQLURJR0VTVC1KYXBhbi1zZW50aW1lbnQtd2Vha2Vucy1hZnRlci1kcm9wLWluLUthbnRvLXRlbmRlci5odG1s0gEA?hl=en-MY&gl=MY&ceid=MY%3Aen,,,Metalbulletin.com,2 hours ago,bookmark_border,share,more_vert
"Groundbreaking: ‘We’re small but we’re scrappy, welcome to the Steel District’",https://news.google.com/articles/CBMiemh0dHBzOi8vd3d3LmtlbG9sYW5kLmNvbS9uZXdzL3lvdXItbW9uZXktbWF0dGVycy9ncm91bmRicmVha2luZy13ZXJlLXNtYWxsLWJ1dC13ZXJlLXNjcmFwcHktd2VsY29tZS10by10aGUtc3RlZWwtZGlzdHJpY3Qv0gF-aHR0cHM6Ly93d3cua2Vsb2xhbmQuY29tL25ld3MveW91ci1tb25leS1tYXR0ZXJzL2dyb3VuZGJyZWFraW5nLXdlcmUtc21hbGwtYnV0LXdlcmUtc2NyYXBweS13ZWxjb21lLXRvLXRoZS1zdGVlbC1kaXN0cmljdC9hbXAv?hl=en-MY&gl=MY&ceid=MY%3Aen,https://lh3.googleusercontent.com/proxy/RSkMI8ouxxGKiFMXaciA0rABz3MdGJXUvr3z1Usf-vC4-sUrgrDxgVe58MRtgkuYOiX8khOtkcs3dgtJt3zDjaPXMBwEdcocMGH-KTunRNxaVoQ79uK007TLYvlwnLbUz5FLM7u8wofuleiM4xXK1Q31UxbH4ldxZ1OpLXhq4KM=s0-w100-h100-p-rw-df,,KELOLAND.com,11 hours ago,bookmark_border,share,more_vert
Iranian steel billet export prices slide in wake of decline in rebar futures,https://news.google.com/articles/CBMif2h0dHBzOi8vd3d3Lm1ldGFsYnVsbGV0aW4uY29tL0FydGljbGUvNDAwMzgyMS9JcmFuaWFuLXN0ZWVsLWJpbGxldC1leHBvcnQtcHJpY2VzLXNsaWRlLWluLXdha2Utb2YtZGVjbGluZS1pbi1yZWJhci1mdXR1cmVzLmh0bWzSAQA?hl=en-MY&gl=MY&ceid=MY%3Aen,,,Metalbulletin.com,2 hours ago,bookmark_border,share,more_vert
Steel rebar prices rise once again,https://news.google.com/articles/CBMiSWh0dHBzOi8vdHJpYnVuZS5jb20ucGsvc3RvcnkvMjMxNjIzNC9zdGVlbC1yZWJhci1wcmljZXMtcmlzZS1vbmNlLWFnYWluLTHSAU9odHRwczovL3RyaWJ1bmUuY29tLnBrL3N0b3J5LzIzMTYyMzQvc3RlZWwtcmViYXItcHJpY2VzLXJpc2Utb25jZS1hZ2Fpbi0xP2FtcD0x?hl=en-MY&gl=MY&ceid=MY%3Aen,https://lh3.googleusercontent.com/proxy/KhHCnwRPSB7wDac6HqQMThxzq9NCD_r4AKvc_Xx-bP7Org1q8wY5q_m9uftGEy7DZVTituRmcu7ba1nYddPpVJvKori4iVe92lCbBPFxQXZKLpTd1mko5-Pn7r7yKL4z=s0-w100-h100-p-rw-df,,The Express Tribune,10 hours ago,bookmark_border,share,more_vert
Australia's BlueScope Steel seeks alternatives to coal,https://news.google.com/articles/CBMiYGh0dHBzOi8vd3d3LmFyZ3VzbWVkaWEuY29tL2VuL25ld3MvMjI0NTM0MS1hdXN0cmFsaWFzLWJsdWVzY29wZS1zdGVlbC1zZWVrcy1hbHRlcm5hdGl2ZXMtdG8tY29hbNIBAA?hl=en-MY&gl=MY&ceid=MY%3Aen,,,Argus Media,Yesterday,bookmark_border,share,more_vert
"POSCO to finalize steel price deal with Hyundai, Samsung",https://news.google.com/articles/CBMiXWh0dHBzOi8vd3d3LmhlbGxlbmljc2hpcHBpbmduZXdzLmNvbS9wb3Njby10by1maW5hbGl6ZS1zdGVlbC1wcmljZS1kZWFsLXdpdGgtaHl1bmRhaS1zYW1zdW5nL9IBYWh0dHBzOi8vd3d3LmhlbGxlbmljc2hpcHBpbmduZXdzLmNvbS9wb3Njby10by1maW5hbGl6ZS1zdGVlbC1wcmljZS1kZWFsLXdpdGgtaHl1bmRhaS1zYW1zdW5nL2FtcC8?hl=en-MY&gl=MY&ceid=MY%3Aen,https://lh3.googleusercontent.com/proxy/ZYRsUSvFtpYfqV4G4T-jyZz53ioBXo6c5SHyRLeF_MAZvMKVGFDT7b8QjEKyCCuga3qz87acC4nOMlYERirk_0nSEeWZTfuxigLZfrQMpZq4-FfI6MJu1ocPFO594YRcMo-5La5qZTbAAocf-q3--XqT8pa6vwIEq5aQc92JuQ8=s0-w100-h100-p-rw-df,,Hellenic Shipping News Worldwide,9 hours ago,bookmark_border,share,more_vert
China wants to curb steel production. Some say it's 'virtually impossible',https://news.google.com/articles/CAIiEE_UV7VUYpp2Wr8r_3AoHs8qGQgEKhAIACoHCAow2Nb3CjDivdcCMP3ungY?hl=en-MY&gl=MY&ceid=MY%3Aen,https://lh3.googleusercontent.com/proxy/Ce5RqBG8yHXhCEvG3rXEFZGSR9cV-VObJxTWUeHtxBW0F1G6ad6ThcMSgAEmnUQr2Jsg0DpYrcGEjcRg6q5BF3-CA-2vOJwHlOc88SWRVOzoym0wvLm24pRmZRHo_EHLlgnzDd7F8k1hI9C__CJsqZoQXTwJIR8nOTLCPgbMJp7qpma0O1V-Cw7aLZ-yF34OWtGgwWOnFNFE=s0-w100-h100-p-rw-df,https://news.google.com/publications/CAAqBwgKMNjW9wow4r3XAg?hl=en-MY&gl=MY&ceid=MY%3Aen,CNBC,17 days ago,bookmark_border,share,more_vert
Customs seizes RM10mil worth of smuggled steel in Klang,https://news.google.com/articles/CAIiEEkAGqQT8e8pTm_F_2cL6-UqGQgEKhAIACoHCAow-N7eCjC60NYBMLfbhwM?hl=en-MY&gl=MY&ceid=MY%3Aen,https://lh3.googleusercontent.com/j8Ec-jp64Eu4KiZjSJRGKr_CeNSp4i1-FDn_6nrlnZ634vY2KGQONGJTnRsFVzf3TdpsJuxuPqYwLRkV_es=s0-w100-h100-p-rw-df,https://news.google.com/publications/CAAqBwgKMPje3gowutDWAQ?hl=en-MY&gl=MY&ceid=MY%3Aen,The Star Online,14 days ago,bookmark_border,share,more_vert
Steel Dynamics Stock Jumps 16% In A Week – Here’s Why,https://news.google.com/articles/CAIiEF1eVbjgm0LYVe9wp3z3ZjMqFQgEKg0IACoGCAowrqkBMKBFMLKAAg?hl=en-MY&gl=MY&ceid=MY%3Aen,https://lh3.googleusercontent.com/proxy/_HlaB_UZVDFEEc5gGSQu_rqX7WqTjXx75QMWISIPak9ab2rxzJhy1i5YMiJ3bVsGXhXse3aI0bn8xhVHSwt2BYfM50nSm2m165mQYE1rxNqO08DP5j2NYoNq0ElD9qWXZkzTHk9icI-g8zWWAHlRNb8nDBMWIQcWyFbzbNtOpagc4_1Ppvow9LwcEACxHeTL_ThLXQDOYeR0e-cdTIi53PS9YQbTom7f3FbEFm-VXHd8zY3j5uhctL74MBTuFz_PlJDKyA=s0-w100-h100-p-rw-df,https://news.google.com/publications/CAAqBggKMK6pATCgRQ?hl=en-MY&gl=MY&ceid=MY%3Aen,Forbes,2 days ago,bookmark_border,share,more_vert
China puts growth ahead of climate with surge in coal-powered steel mills,https://news.google.com/articles/CAIiEI1jg5ns-DGBvOgQm42Jk70qGAgEKg8IACoHCAow-4fWBzD4z0gw_fCpBg?hl=en-MY&gl=MY&ceid=MY%3Aen,https://lh3.googleusercontent.com/proxy/vCLAGEfmw4vsNVc-1785LRKS97Xc9M6XwiyJnuwy-aPT7mzNDSgsJxvUg5EWwYxU93IWdsyT0dykx2NvLlrm8N11FQ7r_WViIYIzDCx42-CCddP8GFBNAVu4QRmsgKwWrx-ijd_C6ZjJK9Q0DctL6QTOIsg=s0-w100-h100-p-rw-df,https://news.google.com/publications/CAAqBwgKMPuH1gcw-M9I?hl=en-MY&gl=MY&ceid=MY%3Aen,Financial Times,6 days ago,bookmark_border,share,more_vert
Iron Ore Tumbles as China's Steel Sector Revamp Curbs Demand,https://news.google.com/articles/CAIiEMCDeh5vtGKV6x30Mtpm3w8qGQgEKhAIACoHCAow4uzwCjCF3bsCMIrOrwM?hl=en-MY&gl=MY&ceid=MY%3Aen,https://lh3.googleusercontent.com/proxy/Zc9rbtYH3HSOqmQMx0vY0j3rINKG57T_vLOn_vBw4H9hHQ_ZHWRC16YYgowwbfNLptvji33PT7Fg2rZfPGMXTD4daeNM4S_V73PixHJvyGmVJErRXTdsDfpBOBLVRvEy72i6kWBPTdTR5s3jmOgpvA=s0-w100-h100-p-rw-df,https://news.google.com/publications/CAAqBwgKMOLs8Aowhd27Ag?hl=en-MY&gl=MY&ceid=MY%3Aen,Bloomberg,30-Jul,bookmark_border,share,more_vert
"Iron ore sell-off resumes, but stainless steel shines",https://news.google.com/articles/CBMiWmh0dHBzOi8vd3d3LmhlbGxlbmljc2hpcHBpbmduZXdzLmNvbS9pcm9uLW9yZS1zZWxsLW9mZi1yZXN1bWVzLWJ1dC1zdGFpbmxlc3Mtc3RlZWwtc2hpbmVzL9IBXmh0dHBzOi8vd3d3LmhlbGxlbmljc2hpcHBpbmduZXdzLmNvbS9pcm9uLW9yZS1zZWxsLW9mZi1yZXN1bWVzLWJ1dC1zdGFpbmxlc3Mtc3RlZWwtc2hpbmVzL2FtcC8?hl=en-MY&gl=MY&ceid=MY%3Aen,https://lh3.googleusercontent.com/proxy/z5RcqpX1vc1bW3OUiptwf4t6xlBdDjyvEGkQd_Vlg_glwmgHskeuvOG54i5Mdn4G0SUSsALzNDiZv17mXvTb05QugXfGVFzM6vHy0irqhhosVXOs_T8PUwHkhTiADUhMRkDdnA2KcLzSQPuZwCMwBwCCeqJP78xPjJ5dTxQn=s0-w100-h100-p-rw-df,,Hellenic Shipping News Worldwide,6 days ago,bookmark_border,share,more_vert
Steel Panther are holding open auditions to recruit a new bassist following Lexxi Foxx’s departure,https://news.google.com/articles/CAIiEPaCKep2bh23xStWMTx7IjUqMwgEKioIACIQH_BelhYjzX0pLWaXnsDBHioUCAoiEB_wXpYWI819KS1ml57AwR4w64vKBg?hl=en-MY&gl=MY&ceid=MY%3Aen,https://lh3.googleusercontent.com/proxy/x1J_0eznEUOeJ3Ylh_PTgeRM2PMFwi9857zQj5B992CkCHKV2wxadWmaP_8IPMBwnzMyYsxPHAEtP9tISjYx6C3b4XkleJYT_65nBr0SASmfKXGAU8Xw=s0-w100-h100-p-rw-df,https://news.google.com/publications/CAAiEB_wXpYWI819KS1ml57AwR4qFAgKIhAf8F6WFiPNfSktZpeewMEe?hl=en-MY&gl=MY&ceid=MY%3Aen,Guitar World,Yesterday,bookmark_border,share,more_vert
"Stocks to Watch: Canara Bank, Tata Steel, HAL, HDFC Bank, Future Retail",https://news.google.com/articles/CAIiEKRK5fdLr9eAhiUdV91mOUMqFggEKg4IACoGCAowxLQ_MNevCDD45Co?hl=en-MY&gl=MY&ceid=MY%3Aen,https://lh3.googleusercontent.com/proxy/rcpPEG5RAjFYt4XraDO2Ey3dEz9mC_4uo8ayXDx-Ou6eJmSnZTiX9YWLQYzVIu7RURdmn2IGJxX1C-LX4R3sTkJ4V_SbjzeOwsNbKBfVTdoSQHGrXXAjqcimtqY5itwdVlrOJXn9SpXknxmwiTJUbjfDH-8NR_fsS_oxJuk=s0-w100-h100-p-rw-df,https://news.google.com/publications/CAAqBggKMMS0PzDXrwg?hl=en-MY&gl=MY&ceid=MY%3Aen,Mint,23 hours ago,bookmark_border,share,more_vert
Refractory Materials Market for GCC Steel Industry 2021-2025 | Technavio,https://news.google.com/articles/CBMif2h0dHBzOi8vd3d3LnBybmV3c3dpcmUuY29tL25ld3MtcmVsZWFzZXMvcmVmcmFjdG9yeS1tYXRlcmlhbHMtbWFya2V0LWZvci1nY2Mtc3RlZWwtaW5kdXN0cnktMjAyMS0yMDI1LS10ZWNobmF2aW8tMzAxMzU3ODA5Lmh0bWzSAQA?hl=en-MY&gl=MY&ceid=MY%3Aen,https://lh3.googleusercontent.com/proxy/EFB86wXjSmoi4NDJdX5wxYPwYNY9dp6Xedkdf66xVHGwHaqKazb2Ejj3gUBm_wDOw9R3CQXnk4-l1BtoFCOJ9QGVZl44fHDeIJLKCw2nRsK5dWwiko3S2W7qUtwHeAgkWFFiaL5gB_PhGMvy8veDBkI-fNp9DKMj2LQ=s0-w100-h100-p-rw-df,,PRNewswire,Yesterday,bookmark_border,share,more_vert
Metalloinvest's sales revenues rise in H1 amid higher iron ore and steel prices,https://news.google.com/articles/CBMijAFodHRwczovL3d3dy5zdGVlbG9yYmlzLmNvbS9zdGVlbC1uZXdzL2xhdGVzdC1uZXdzL21ldGFsbG9pbnZlc3RzLXNhbGVzLXJldmVudWVzLXJpc2UtaW4taDEtYW1pZC1oaWdoZXItaXJvbi1vcmUtYW5kLXN0ZWVsLXByaWNlcy0xMjExOTcxLmh0bdIBAA?hl=en-MY&gl=MY&ceid=MY%3Aen,,,SteelOrbis,5 hours ago,bookmark_border,share,more_vert
West Eagles sweep Steel Bucket Relay titles with a close win in the boys race and a romp in the girls race,https://news.google.com/articles/CBMipAFodHRwczovL3d3dy5hZG4uY29tL3Nwb3J0cy9oaWdoLXNjaG9vbC1zcG9ydHMvMjAyMS8wOC8xOC93ZXN0LWVhZ2xlcy1zd2VlcC1zdGVlbC1idWNrZXQtcmVsYXktdGl0bGVzLXdpdGgtYS1jbG9zZS13aW4taW4tdGhlLWJveXMtcmFjZS1hbmQtYS1yb21wLWluLXRoZS1naXJscy1yYWNlL9IBAA?hl=en-MY&gl=MY&ceid=MY%3Aen,https://lh3.googleusercontent.com/proxy/zISKmeGSJggA5CxeBChwnUeAhRksunHbF8jaayYD366a_L9AV3QrCI96_5Cwuq1r_ZABBt6mqTAzH66tObuBvALDmMh1Hc53bOenE08gzrkRPxC0W7GV7d_IPhJUSkZ4jowiBN9QvvSfUkNf8eVMI59UrOwL3ciOZlASqucS_4T-0gUCv_SfwmnsArBCP7pL5sNu8VvXh9Xa-VTIiXWw5gtGKUmH_PnavC9RZLcJ2Q=s0-w100-h100-p-rw-df,,Anchorage Daily News,7 hours ago,bookmark_border,share,more_vert
Pittsburg-based steel company reaches $4 million settlement after violating environmental regulations,https://news.google.com/articles/CBMijQFodHRwczovL3d3dy5lYXN0YmF5dGltZXMuY29tLzIwMjEvMDgvMTgvcGl0dHNidXJnLWJhc2VkLXN0ZWVsLWNvbXBhbnktcmVhY2hlcy00LW1pbGxpb24tc2V0dGxlbWVudC1hZnRlci12aW9sYXRpbmctZW52aXJvbm1lbnRhbC1yZWd1bGF0aW9ucy_SAZEBaHR0cHM6Ly93d3cuZWFzdGJheXRpbWVzLmNvbS8yMDIxLzA4LzE4L3BpdHRzYnVyZy1iYXNlZC1zdGVlbC1jb21wYW55LXJlYWNoZXMtNC1taWxsaW9uLXNldHRsZW1lbnQtYWZ0ZXItdmlvbGF0aW5nLWVudmlyb25tZW50YWwtcmVndWxhdGlvbnMvYW1wLw?hl=en-MY&gl=MY&ceid=MY%3Aen,https://lh3.googleusercontent.com/proxy/YH1Wxlkf4urUhPYqA8lF15eTl3uNvCxaht78uxbAoX34SEVzaYph-hTP9i3y5OZi2CsU7NRNoOSzs8tWYGhgyqSNiTZ83V2_A7Ej3sOtv7P4ZtvkhWoLC9PlIriwoiEViBPeUSGhJnoo5lKoSGTn8_hEJ_4EtO4=s0-w100-h100-p-rw-df,,East Bay Times,19 hours ago,bookmark_border,share,more_vert
Japan's FeNi producer hints at stainless steel recovery,https://news.google.com/articles/CBMiYWh0dHBzOi8vd3d3LmFyZ3VzbWVkaWEuY29tL2VuL25ld3MvMjI0MjY5NC1qYXBhbnMtZmVuaS1wcm9kdWNlci1oaW50cy1hdC1zdGFpbmxlc3Mtc3RlZWwtcmVjb3ZlcnnSAQA?hl=en-MY&gl=MY&ceid=MY%3Aen,,,Argus Media,9 days ago,bookmark_border,share,more_vert
Global investor group begins to step up pressure on steel industry,https://news.google.com/articles/CAIiEKxzh7XjfkWIIcWb3gJgVksqFwgEKg8IACoHCAow-4fWBzD4z0gw4tp6?hl=en-MY&gl=MY&ceid=MY%3Aen,https://lh3.googleusercontent.com/proxy/rvzCXkohShlVMZ7BJMmUknSnHMHOtKlMm29Nd5qWFeKmL6fgfZYSRgrgAC_BUgZE5fUj1uizVuA2R6KB3qsPp_8tpmRWh8w_5DchMaCHR_QXwnXMFiuhGLTugq_A1NFM6Ey1QAl4PFTl4XHrYL9L6eyv71k=s0-w100-h100-p-rw-df,https://news.google.com/publications/CAAqBwgKMPuH1gcw-M9I?hl=en-MY&gl=MY&ceid=MY%3Aen,Financial Times,15 days ago,bookmark_border,share,more_vert
Price hikes lift Tata Steel but Europe needs a fix,https://news.google.com/articles/CAIiEDKiWGK2QSbs_66gRKGSpzcqFggEKg4IACoGCAowxLQ_MNevCDD45Co?hl=en-MY&gl=MY&ceid=MY%3Aen,https://lh3.googleusercontent.com/proxy/iOz1xP9dttvoDQSSFnYSmnYbZzPAvBx5uHGyahSyTmxDatoKOWbsVyOQyHok-wUS2WpmuvfAO6OshVCMu2N8SvYYYiKp8-aWpkck8zKX1dGi6VcNjEMohywRoIDSNaeCVEH-ApWolMZqr15Q75JFDylGQ98CxmD1auy8NVXEEVPRcedE_818Hb_Nud8eQRu2T83BtZ0-R1lb14BrZQmjlZ0BD_C4IH6-JWsN1uwFZw1wiCw=s0-w100-h100-p-rw-df,https://news.google.com/publications/CAAqBggKMMS0PzDXrwg?hl=en-MY&gl=MY&ceid=MY%3Aen,Mint,3 days ago,bookmark_border,share,more_vert
Planes leaving half empty after Taliban set up ring of steel,https://news.google.com/articles/CBMiaWh0dHBzOi8vd3d3LnRoZXRpbWVzLmNvLnVrL2FydGljbGUvcGxhbmVzLWxlYXZpbmctaGFsZi1lbXB0eS1hZnRlci10YWxpYmFuLXNldC11cC1yaW5nLW9mLXN0ZWVsLTZyZHZwMndkYtIBAA?hl=en-MY&gl=MY&ceid=MY%3Aen,https://lh3.googleusercontent.com/proxy/JOehx-UUIlwNaABfvtZf1Zb8KRJqbQPKniQxrDwt2SAUOrJEQX3R6Uo9FgosjTstlALtZgeP_nb746C2VfaDC-xxC54Dwx3ZRGidw71hibCfi-HdOZA8I9QC4e59zt-wKhsZjeFI2NqBa0PryfwRiWjdER9A9j0_cXoooz3hYszQszA_4ICR-OCTKyrLxgZlyuJmkeismD4ZpZ__az7jFuiOeKAgkw1wF3IA0-0G-1w0fQ=s0-w100-h100-p-rw-df,,The Times,16 hours ago,bookmark_border,share,more_vert
China Looks to More Export Tariffs to Tame Booming Steel Sector,https://news.google.com/articles/CAIiEKtdYvKKXViUF0LSHPXi2z4qGQgEKhAIACoHCAow4uzwCjCF3bsCMIrOrwM?hl=en-MY&gl=MY&ceid=MY%3Aen,https://lh3.googleusercontent.com/proxy/pjSPp9RkchSlJAjuJnsHvHcr-Jw8jXNGy0APVamnWtgcxZDlB8GY01yRAy_woJ42WiTe3T9ga_X-U3Ws8RUmdXWe3wmTmpnImvsR1SdoZvp-XUKrZjZs-YMiktyc81jbaCZRHUU=s0-w100-h100-p-rw-df,https://news.google.com/publications/CAAqBwgKMOLs8Aowhd27Ag?hl=en-MY&gl=MY&ceid=MY%3Aen,Bloomberg,27-Jul,bookmark_border,share,more_vert
"EU CBAM for Iron, Steel, Cement, Fertilisers, Aluminium, Electricity",https://news.google.com/articles/CBMidGh0dHBzOi8vd3d3Lm5hdGxhd3Jldmlldy5jb20vYXJ0aWNsZS9ldXJvcGVhbi1jb21taXNzaW9uLXByb3Bvc2VzLWNhcmJvbi1ib3JkZXItYWRqdXN0bWVudC1tZWNoYW5pc20tY2JhbS1pcm9uLXN0ZWVs0gF4aHR0cHM6Ly93d3cubmF0bGF3cmV2aWV3LmNvbS9hcnRpY2xlL2V1cm9wZWFuLWNvbW1pc3Npb24tcHJvcG9zZXMtY2FyYm9uLWJvcmRlci1hZGp1c3RtZW50LW1lY2hhbmlzbS1jYmFtLWlyb24tc3RlZWw_YW1w?hl=en-MY&gl=MY&ceid=MY%3Aen,https://lh3.googleusercontent.com/proxy/ELCXVKPfZyIeMy-ODQWkwVGX5HIioe8zDqRTo4jgbiJY1djNQwvuouHWgr_nfKo1LDSGe_q82NgzC444YAeKrMOFbCmPYnTMBGrkPEGzzyrgplHcZGoOAZztLq3RJHZkHnMhx2NdG94VKMNqGzk4V1PWT6ovoFOOIqTW1KRvFQXk4A=s0-w100-h100-p-rw-df,,The National Law Review,Yesterday,bookmark_border,share,more_vert
China's Top Steel Body Expects Wider Output Cuts as Demand Slows,https://news.google.com/articles/CAIiEDRgjQ6jU-UMaOkh3YQb4Z8qGQgEKhAIACoHCAow4uzwCjCF3bsCMIrOrwM?hl=en-MY&gl=MY&ceid=MY%3Aen,https://lh3.googleusercontent.com/proxy/UG_RQgIUSh-vEXnCMVeHxm34nEY39X9hZ_nQDfErbgwLNXegw9WOoIVx45lg96pzQ7r7vyjCRZFwhWP78MiJGixDh1-7MciVZp2D_5NYtW9OXMz9XOVAw_7LU5Wlqj2p2qUyZ7XtiRE=s0-w100-h100-p-rw-df,https://news.google.com/publications/CAAqBwgKMOLs8Aowhd27Ag?hl=en-MY&gl=MY&ceid=MY%3Aen,Bloomberg,18 days ago,bookmark_border,share,more_vert
Steel Stocks Gain on $1 Trillion Infrastructure Plan,https://news.google.com/articles/CAIiELezdnScKz4yKbpJ-KAWXQEqMwgEKioIACIQaI-KISnONJyMPNSt_eLQTCoUCAoiEGiPiiEpzjScjDzUrf3i0Ewwi6TZBg?hl=en-MY&gl=MY&ceid=MY%3Aen,https://lh3.googleusercontent.com/proxy/0uty_ULgjF4DRMcLnlb_zZpJQTOUua8598pNMIjlYXlj9pjMoI7yyuUuwX80-E9dQn7amULrN_WSt6ocKGtVJv6fKHVRO3IkWY8Jc_p72XUK2CswMuz1Mc_iuo2wlrCv2cTC2udWZ9qru-nxVU3IUjCMg1Sz2fLBTsP-wk_00rhsRwcwsRnLUOZvYszfn3Onamdss5EJATeAKLTnnNlwqn-qxECwXMGSU5laCV_U27ddHjqGDgeK9x4m-IKHR-v6W98=s0-w100-h100-p-rw-df,https://news.google.com/publications/CAAiEGiPiiEpzjScjDzUrf3i0EwqFAgKIhBoj4ohKc40nIw81K394tBM?hl=en-MY&gl=MY&ceid=MY%3Aen,Investopedia,8 days ago,bookmark_border,share,more_vert
US steel wire rod prices hit record high set in 2008,https://news.google.com/articles/CBMiZ2h0dHBzOi8vd3d3Lm1ldGFsYnVsbGV0aW4uY29tL0FydGljbGUvNDAwMzc5NC9VUy1zdGVlbC13aXJlLXJvZC1wcmljZXMtaGl0LXJlY29yZC1oaWdoLXNldC1pbi0yMDA4Lmh0bWzSAQA?hl=en-MY&gl=MY&ceid=MY%3Aen,,,Metalbulletin.com,17 hours ago,bookmark_border,share,more_vert
The Steel Frame,https://news.google.com/articles/CAIiEO2gHzTLmno6vhhHN5OIlykqGQgEKhAIACoHCAow-az7CjDR8PMCMNOt2wU?hl=en-MY&gl=MY&ceid=MY%3Aen,https://lh3.googleusercontent.com/proxy/1FNgSpuTtbu38nbWa9daBktuh3a1VqHy8LkiHXrya6CXlwDwphQyPqLXx-BKHykrF9JB3sY6oTiRded5Vx5rU-4Lz5ygVFP9UZBNaeXkI7OzxpBsdMMH3EkBpXBY5g=s0-w100-h100-p-rw-df,https://news.google.com/publications/CAAqBwgKMPms-wow0fDzAg?hl=en-MY&gl=MY&ceid=MY%3Aen,The Statesman,44 minutes ago,bookmark_border,share,more_vert
"Jahan Loh Celebrates G-SHOCK's Steel ""CasiOak"" With Futuristic Animated Short",https://news.google.com/articles/CBMiU2h0dHBzOi8vaHlwZWJlYXN0LmNvbS8yMDIxLzgvamFoYW4tbG9oLWctc2hvY2stc3RlZWwtY2FzaW9hay1nbS0yMTAwLWFuaW1hdGVkLXNob3J00gEA?hl=en-MY&gl=MY&ceid=MY%3Aen,https://lh3.googleusercontent.com/proxy/2fPcAbAKvMYEfbaaI7Us5aWsDrXZ59Mmab-UBL7clObdTNRCX4PyW68jVX_0HB2YEFasWkPDgrPQ1Cd60OmMk1R_1qM8K8Z5zaC1SDiK8g=s0-w100-h100-p-rw-df,,HYPEBEAST,2 days ago,bookmark_border,share,more_vert
Insight - Iron ore stumbles as rising supply runs into China steel discipline,https://news.google.com/articles/CBMiigFodHRwczovL3d3dy50aGVzdGFyLmNvbS5teS9idXNpbmVzcy9idXNpbmVzcy1uZXdzLzIwMjEvMDcvMjcvaW5zaWdodC0tLWlyb24tb3JlLXN0dW1ibGVzLWFzLXJpc2luZy1zdXBwbHktcnVucy1pbnRvLWNoaW5hLXN0ZWVsLWRpc2NpcGxpbmXSAQA?hl=en-MY&gl=MY&ceid=MY%3Aen,https://lh3.googleusercontent.com/proxy/2nSoq4BPOB-oHq9GoqIZ7EZ5K3vDyKN0zHd3ugzdf4Juxs4A1J_GvZbbp7E2dDj6QE2f7_5Ow075dFdoqrZzYXf950szU9CKSwFdIFHO_OBlY9rVuwDaugB-TNE7OQ=s0-w100-h100-p-rw-df,,The Star Online,27-Jul,bookmark_border,share,more_vert
India Set for Record Steel Demand as Construction to Revive,https://news.google.com/articles/CAIiEBmSMGhHCULQXgwtLixo6t8qGQgEKhAIACoHCAow4uzwCjCF3bsCMIrOrwM?hl=en-MY&gl=MY&ceid=MY%3Aen,https://lh3.googleusercontent.com/proxy/FFD9ZwF8VETxA1kA-5NoxraPPji6VtnE9rSd9ESkglxtapOxm_H0BNmyXnRGwu1S_s-FEOTQecRGp9e7MkhvCnh4awV1oy7-du-nh7EWQFbJazRF2cuD0-WB-sTJLBlGEPZrYD0=s0-w100-h100-p-rw-df,https://news.google.com/publications/CAAqBwgKMOLs8Aowhd27Ag?hl=en-MY&gl=MY&ceid=MY%3Aen,Bloomberg,29-Jul,bookmark_border,share,more_vert
"Steel open first week of practice | News, Sports, Jobs",https://news.google.com/articles/CBMiW2h0dHBzOi8vd3d3Lm51am91cm5hbC5jb20vc3BvcnRzL2xvY2FsLXNwb3J0cy8yMDIxLzA4LzE5L3N0ZWVsLW9wZW4tZmlyc3Qtd2Vlay1vZi1wcmFjdGljZS_SAQA?hl=en-MY&gl=MY&ceid=MY%3Aen,https://lh3.googleusercontent.com/proxy/mo_PI-J2INRT9fx67ni33DJxNPGWsFW6d-MDYYRHIR8BlwWfWjK14tdH9C1vJS6Cpw3yLBgnJHiKgABp-A0jXRKDqIkd4OlC5VRHBvvS1E8gq1epTcWz7NsW58b5ZZFpmBgJMHtlzB8ndjAAUvweCgQL_6o9uwI6uDTAROSqv5DbsYQ1bP4t1UU=s0-w100-h100-p-rw-df,,NUjournal,9 hours ago,bookmark_border,share,more_vert
Steel inventory declines amid nation's efforts to cut carbon emissions,https://news.google.com/articles/CBMiNGh0dHBzOi8vd3d3Lmdsb2JhbHRpbWVzLmNuL3BhZ2UvMjAyMTA3LzEyMjk2MDcuc2h0bWzSAQA?hl=en-MY&gl=MY&ceid=MY%3Aen,https://lh3.googleusercontent.com/proxy/GiaoFoAlnuTfZ_CVF4pIBrUfxHceRVVBokFiv6z7jf9Kd-xZmLCjmNbAjMVbT5zeImdkew4ZRbjmaMUhZGhbSL6zmauoyIErJeMfFu1dfB7nGy8Ylg8TfbPkq_k5f0uwWq6RE6GOi5lcIgbjdyVuXU_ln5T-BsubuSyG6Onj4UegtonL=s0-w100-h100-p-rw-df,,Global Times,25-Jul,bookmark_border,share,more_vert
Historic steel price rally celebrates one-year anniversary,https://news.google.com/articles/CBMie2h0dHBzOi8vd3d3LnRoZWZhYnJpY2F0b3IuY29tL3RoZWZhYnJpY2F0b3IvYmxvZy9tZXRhbHNtYXRlcmlhbHMvaGlzdG9yaWMtc3RlZWwtcHJpY2UtcmFsbHktY2VsZWJyYXRlcy1vbmUteWVhci1hbm5pdmVyc2FyedIBAA?hl=en-MY&gl=MY&ceid=MY%3Aen,https://lh3.googleusercontent.com/proxy/XSuM8qgnFJ8N1VQ-EcKAtzrrIDLpIztTXBwb0u-z8s7mTM9b1GtLZJjJVsMQIF1oOdsWAy0LRZbSZPQBSS1O_aOnt-JT0wL59xPjshdOK0iDdDBuzZB73TWyGfzJh9JtZYyBf7MqvthZ9eSaUzi8TQzNzDxC3NQhndRhl52WqAINdsuD=s0-w100-h100-p-rw-df,,The Fabricator,Yesterday,bookmark_border,share,more_vert
Letter: China tempers steel output amid rising pollution fears,https://news.google.com/articles/CBMiP2h0dHBzOi8vd3d3LmZ0LmNvbS9jb250ZW50LzRmZDFkNGI5LTEzYmYtNDNlZS05Mzg4LWI5ZDJjYzkwYjliOdIBP2h0dHBzOi8vYW1wLmZ0LmNvbS9jb250ZW50LzRmZDFkNGI5LTEzYmYtNDNlZS05Mzg4LWI5ZDJjYzkwYjliOQ?hl=en-MY&gl=MY&ceid=MY%3Aen,https://lh3.googleusercontent.com/proxy/C8fTXaJ1oqr8rYoOGeI8BcTGpD7HqB3qNKQKC2d15AwgWe7Z_IFnQ6PdQhyLWyjc-oKEn53iG_N7AKQ18LOH9OwaeRYO45TMpocOlpeijsD-WFzxzZpkj3nvA68jJAWG5pKDFIE9s0_E8qvervN0RfQLWN8=s0-w100-h100-p-rw-df,,Financial Times,11 days ago,bookmark_border,share,more_vert
"Brazilian crude steel production in July rises 14.5%, says Brazil Steel",https://news.google.com/articles/CBMihAFodHRwczovL3Jpb3RpbWVzb25saW5lLmNvbS9icmF6aWwtbmV3cy9icmF6aWwvYnVzaW5lc3MtYnJhemlsL2JyYXppbGlhbi1jcnVkZS1zdGVlbC1wcm9kdWN0aW9uLWluLWp1bHktcmlzZXMtMTQtNS1zYXlzLWJyYXppbC1zdGVlbC_SAQA?hl=en-MY&gl=MY&ceid=MY%3Aen,https://lh3.googleusercontent.com/proxy/N_QdEgjFv1XMP2cPJlXU1JdDIV_Hct-pzjOKwZijv5E9i55zSUW5xSIE2RyGvfGpbA1pexisnlznIYecivkuh5DWBuaCKmcnsqwlPaYQZgvL1MY-_hxejxKXROuK-Y65UAJ8HvVt3HogzO1FRCJkZVJPdrOaFEPDwWJz0FfF4g-8oFaRgRqn7ZKQn1gfe4NwPvPXM9lmdyuX7Q=s0-w100-h100-p-rw-df,,The Rio Times,1 hour ago,bookmark_border,share,more_vert
US steel industry lagging pre-Covid levels,https://news.google.com/articles/CBMiVGh0dHBzOi8vd3d3LmFyZ3VzbWVkaWEuY29tL2VuL25ld3MvMjI0MzQyNS11cy1zdGVlbC1pbmR1c3RyeS1sYWdnaW5nLXByZWNvdmlkLWxldmVsc9IBAA?hl=en-MY&gl=MY&ceid=MY%3Aen,,,Argus Media,7 days ago,bookmark_border,share,more_vert
Thyssenkrupp says no to steel spin-off until spring,https://news.google.com/articles/CAIiEDHZMvF_Y6fcMtzlQ2Y8efAqFwgEKg8IACoHCAow-4fWBzD4z0gw0tp6?hl=en-MY&gl=MY&ceid=MY%3Aen,https://lh3.googleusercontent.com/proxy/MjVrlW4YjNti4F7cCAnBFgAoZIO74u6ozCjwWbUDPm2D5ZPBkPehzivIIL152oYmbvMJ1BquwYnQRPvbq8jED0y82oVDMv9x3C4ou5Jqcg3UASEHjvYVzoZb6T4Pm6DGYlcjKPG8Sz_uNzm420WP2GMisrw=s0-w100-h100-p-rw-df,https://news.google.com/publications/CAAqBwgKMPuH1gcw-M9I?hl=en-MY&gl=MY&ceid=MY%3Aen,Financial Times,8 days ago,bookmark_border,share,more_vert
"Outlook on the Automotive Steel Wheels Global Market to 2028 - by Rim Size Vehicle Type, End-user and Region - ResearchAndMarkets.com",https://news.google.com/articles/CBMivQFodHRwczovL3d3dy5idXNpbmVzc3dpcmUuY29tL25ld3MvaG9tZS8yMDIxMDgxNzAwNTY0OC9lbi9PdXRsb29rLW9uLXRoZS1BdXRvbW90aXZlLVN0ZWVsLVdoZWVscy1HbG9iYWwtTWFya2V0LXRvLTIwMjgtLS1ieS1SaW0tU2l6ZS1WZWhpY2xlLVR5cGUtRW5kLXVzZXItYW5kLVJlZ2lvbi0tLVJlc2VhcmNoQW5kTWFya2V0cy5jb23SAQA?hl=en-MY&gl=MY&ceid=MY%3Aen,,,Business Wire,2 days ago,bookmark_border,share,more_vert
"Steel sales, output rise in April-June for India's Sail",https://news.google.com/articles/CBMiX2h0dHBzOi8vd3d3LmFyZ3VzbWVkaWEuY29tL2VuL25ld3MvMjI0MjM0Ni1zdGVlbC1zYWxlcy1vdXRwdXQtcmlzZS1pbi1hcHJpbGp1bmUtZm9yLWluZGlhcy1zYWls0gEA?hl=en-MY&gl=MY&ceid=MY%3Aen,,,Argus Media,10 days ago,bookmark_border,share,more_vert
Steel prices fall in China as emissions targets are relaxed,https://news.google.com/articles/CBMiYGh0dHBzOi8vYWdtZXRhbG1pbmVyLmNvbS8yMDIxLzA4LzA5L3N0ZWVsLXByaWNlcy1mYWxsLWluLWNoaW5hLWFzLWVtaXNzaW9ucy10YXJnZXRzLWFyZS1yZWxheGVkL9IBAA?hl=en-MY&gl=MY&ceid=MY%3Aen,https://lh3.googleusercontent.com/proxy/52LN53gMhQLx3PcUq3ej3jlaVkhzh68hBhSmDKz2R4Hz90lryoaTWu7Bkn4FtNGhy9Nj9Tox0cYbRZT_rdB9gABH2JnOHiSLYU7J73HF1AelkKFXyK8vmus2H-O5NeWWPNEIwYK4iI4GB2jVIQVe3zceO9JbVRDHVm-p=s0-w100-h100-p-rw-df,,MetalMiner,10 days ago,bookmark_border,share,more_vert
Alfeco Group honours women of steel,https://news.google.com/articles/CBMiSGh0dHBzOi8vYWxiZXJ0b25yZWNvcmQuY28uemEvMzAzODA1L2FsZmVjby1ncm91cC1ob25vdXJzLXdvbWVuLW9mLXN0ZWVsL9IBAA?hl=en-MY&gl=MY&ceid=MY%3Aen,https://lh3.googleusercontent.com/proxy/x2rsdVo6OAjKQK6YUOp7tml182u-pdeeDvwsnbJObE_kgudXgOR0azLp7SlLgVMw4Q2CBHxLnKtEilv2tcWwIldnqy0B9MsdaRJzevss4IEoA_VsiwoqseJhJNEFWGAwlxx0yivtcfkMCBqFCanIoG00SQmXqrwav40R3p1tA53AX1v4KQpN6vQCDh5JXULs_-un1l1hd0RGqiRtvR1rsZ2RxadVNl-IfJvhA4xdFqDd4LpsuPKEpw=s0-w100-h100-p-rw-df,,Alberton Record,10 hours ago,bookmark_border,share,more_vert
China steel exports rise sharply in July; market fears further policy tightening,https://news.google.com/articles/CBMinAFodHRwczovL3d3dy5zcGdsb2JhbC5jb20vcGxhdHRzL2VuL21hcmtldC1pbnNpZ2h0cy9sYXRlc3QtbmV3cy9tZXRhbHMvMDgwOTIxLWNoaW5hLXN0ZWVsLWV4cG9ydHMtcmlzZS1zaGFycGx5LWluLWp1bHktbWFya2V0LWZlYXJzLWZ1cnRoZXItcG9saWN5LXRpZ2h0ZW5pbmfSAQA?hl=en-MY&gl=MY&ceid=MY%3Aen,,,S&P Global,10 days ago,bookmark_border,share,more_vert
Leading Steel Pannist Jonathan Scales To Perform at Forte Jazz Lounge in September,https://news.google.com/articles/CBMieWh0dHBzOi8vaG9seWNpdHlzaW5uZXIuY29tLzIwMjEvMDgvMTgvbGVhZGluZy1zdGVlbC1wYW5uaXN0LWpvbmF0aGFuLXNjYWxlcy10by1wZXJmb3JtLWF0LWZvcnRlLWphenotbG91bmdlLWluLXNlcHRlbWJlci_SAQA?hl=en-MY&gl=MY&ceid=MY%3Aen,https://lh3.googleusercontent.com/proxy/27aJuBLyoEPiVT2IlkXCzgmCDUpHktwpAYXKxXPBmNApWyLg_zDzB8dbjw-0gzFz0ArBRWKjxin6dyLXUTnr7WoxDWgtTf-wM6ego5tpk4GAG63zohvW6sefE1DpKoLRbx_nA_TH8Qn0EUrLU79MSNRnoSYvPib2MPwDVA=s0-w100-h100-p-rw-df,,holycitysinner.com,17 hours ago,bookmark_border,share,more_vert
Leon Fuat buys land in Port Klang to expand steel manufacturing business,https://news.google.com/articles/CBMiaWh0dHBzOi8vd3d3LnRoZWVkZ2VtYXJrZXRzLmNvbS9hcnRpY2xlL2xlb24tZnVhdC1idXlzLWxhbmQtcG9ydC1rbGFuZy1leHBhbmQtc3RlZWwtbWFudWZhY3R1cmluZy1idXNpbmVzc9IBAA?hl=en-MY&gl=MY&ceid=MY%3Aen,https://lh3.googleusercontent.com/proxy/jUlTNMCgbpWygyoJfWnAciUeIzahF-Ord6N9y6rrQPfRBcuj7cJLThfl6GXTLUyapReWHwzXEPRLOHZq96DMNKiUsUnTNXxy8yUNifU_gjy3SVkHWlGUhTDoaC2YqvtX62qQlHaY2WBMkF_Ul7Bb3XbjTgje7YPKT3OIXZ7DyuhiItXT5Pv3CVBjoewC_fq9IdgYH1192n6APq0Urg=s0-w100-h100-p-rw-df,,The Edge Markets MY,30-Jul,bookmark_border,share,more_vert
Superman: Steel Just Took on the Internet’s Nastiest Trolls in DC’s Matrix,https://news.google.com/articles/CAIiEKgERZtcsVfyHBkWntoBNgEqGQgEKhAIACoHCAowvqWBCzCY4vwCMLSAtgY?hl=en-MY&gl=MY&ceid=MY%3Aen,https://lh3.googleusercontent.com/proxy/LpZjfzJ25JaV5H_JfimBUaFqr9sO21I7fpdG9iT7EuhCmwUTutqDOINWugwQ9igiCT-kz5pi3R6z-AzBYmsCajuEBKw6bvB14yo7hzwYAHcM6wflZ8qlSm_ClGg2JWIvaZrc8dv8fuO2VuUSnsel_Jv4zKMM=s0-w100-h100-p-rw-df,https://news.google.com/publications/CAAqBwgKML6lgQswmOL8Ag?hl=en-MY&gl=MY&ceid=MY%3Aen,CBR - Comic Book Resources,12 hours ago,bookmark_border,share,more_vert
Chelyabinsk plant of the profiled steel decking (MCX:PRFN) Is Looking To Continue Growing Its Returns On Capital,https://news.google.com/articles/CBMiqwFodHRwczovL3NpbXBseXdhbGwuc3Qvc3RvY2tzL3J1L21hdGVyaWFscy9tY3gtcHJmbi9jaGVseWFiaW5zay1wbGFudC1vZi10aGUtcHJvZmlsZWQtc3RlZWwtZGVja2luZy1zaGFyZXMvbmV3cy9jaGVseWFiaW5zay1wbGFudC1vZi10aGUtcHJvZmlsZWQtc3RlZWwtZGVja2luZy1tY3hwcmZuLWlzLWzSAQA?hl=en-MY&gl=MY&ceid=MY%3Aen,,,Simply Wall St,11 hours ago,bookmark_border,share,more_vert
"2,000 Gulf returnees unite in Kerala, form steel factory",https://news.google.com/articles/CAIiENttKqFdZB9zOeOWCagOqacqGAgEKg8IACoHCAowop2lATDj4RowpbvJBQ?hl=en-MY&gl=MY&ceid=MY%3Aen,https://lh3.googleusercontent.com/proxy/TR8Pnlm1GLuGdVC_QK3KN8Hw4Xw4nAaqH9QZ9DMt5FqhbT1VXczAqchk_BYDLxSlPpNfOZbatfR2KJIe8MwH7xYz_irq5lMd2BfF-z0A9vrjQ8jyllZsISCLkGXFhylWPwBPJ8tNRmoVHQIAmC8G2xrEsF-hlCKOJw88Jlh2hWF6On034A=s0-w100-h100-p-rw-df,https://news.google.com/publications/CAAqBwgKMKKdpQEw4-Ea?hl=en-MY&gl=MY&ceid=MY%3Aen,The New Indian Express,2 days ago,bookmark_border,share,more_vert
Steel Strips shares zoom on stock split announcement,https://news.google.com/articles/CAIiEPOBP4zaC0tDoTvhkK8nCloqFggEKg4IACoGCAowxLQ_MNevCDCkoh8?hl=en-MY&gl=MY&ceid=MY%3Aen,https://lh3.googleusercontent.com/proxy/qoM483DgpZb-SZdfXHHq5KJWJlWFwxaqqhyVMcVudgC0RqDxF5SsGOySDEI9MTTsUwzxBrQS9rQgMnKJOuUCVKDCK0mQnx2DH3bkHBjfXpKwQmuwkR2bjtPc4l3rXVvwfVLrcJ3F9mhLWkplgLslK-_9LFqv3jf7EE2A5AA=s0-w100-h100-p-rw-df,https://news.google.com/publications/CAAqBggKMMS0PzDXrwg?hl=en-MY&gl=MY&ceid=MY%3Aen,Mint,Yesterday,bookmark_border,share,more_vert
The Ritchey Ascent Steel Adventure Bike Returns,https://news.google.com/articles/CAIiEIvI24KwZtvMIB6GScWkpWIqMwgEKioIACIQQjdavnrLNdfLDddUMJVeKioUCAoiEEI3Wr56yzXXyw3XVDCVXiowwpWOBw?hl=en-MY&gl=MY&ceid=MY%3Aen,https://lh3.googleusercontent.com/proxy/Gw8lgLrT4fVMJXR7DqH-zzOKPePPMR3mj2N1RamPmfLzo26_1Aqn5EiFHh2eFjj1VrdH4mghujyGVi61rCcwiwaOwpNY5OhRaHWsq5_-XXEJOnXNNXWLnWjygxUgOpnluBXT-YH52l4g8wWAd8Kvtz0jwzXYJGE912nl=s0-w100-h100-p-rw-df,https://news.google.com/publications/CAAiEEI3Wr56yzXXyw3XVDCVXioqFAgKIhBCN1q-ess118sN11QwlV4q?hl=en-MY&gl=MY&ceid=MY%3Aen,Singletracks.com,7 hours ago,bookmark_border,share,more_vert
Global decarbonisation drive to challenge steel producers - Woodmac,https://news.google.com/articles/CBMigAFodHRwczovL3d3dy5yZXV0ZXJzLmNvbS9idXNpbmVzcy9zdXN0YWluYWJsZS1idXNpbmVzcy9nbG9iYWwtZGVjYXJib25pc2F0aW9uLWRyaXZlLWNoYWxsZW5nZS1zdGVlbC1wcm9kdWNlcnMtd29vZG1hYy0yMDIxLTA4LTA5L9IBAA?hl=en-MY&gl=MY&ceid=MY%3Aen,https://lh3.googleusercontent.com/proxy/FTibgyWWpYNFKbu2kONd5V3fDytqnrmMwQXeL8A4SJ050I_4_lbpWKENWbF_5UjJ3N2NceXnbWxd6VL-KX5MWgZ2gj-sAGCgqwiwTAVTW0Dex2YcWupdM-6abHcBnZbZh146SGRe4TpxAUyk41mPDb-7iGLXWSo=s0-w100-h100-p-rw-df,,Reuters,10 days ago,bookmark_border,share,more_vert
Here's your chance to audition to be Steel Panther's new bassist,https://news.google.com/articles/CBMiYGh0dHBzOi8vd3d3LmtlcnJhbmcuY29tL3RoZS1uZXdzL2hlcmVzLXlvdXItY2hhbmNlLXRvLWF1ZGl0aW9uLXRvLWJlLXN0ZWVsLXBhbnRoZXJzLW5ldy1iYXNzaXN0L9IBWmh0dHBzOi8vd3d3LmtlcnJhbmcuY29tL2FtcC9oZXJlcy15b3VyLWNoYW5jZS10by1hdWRpdGlvbi10by1iZS1zdGVlbC1wYW50aGVycy1uZXctYmFzc2lzdA?hl=en-MY&gl=MY&ceid=MY%3Aen,https://lh3.googleusercontent.com/proxy/BkmI-0DUDHLWzNyFIaBHmaFmmaVvO0TinvaTt7RlGr3AMoG9GQXLfECqyKYx5LV7z8wb6Rag-1NZZHaQIUxQwq79LOMZN_q4vOPNzyooxKZ_Ydb4AQAr_-PTG8kplClEk5z9MOsuT8CeGs4ll_9wc90ckVxuRPD_jNNpClvjGtGzv8PRPhSP=s0-w100-h100-p-rw-df,,Kerrang!,2 days ago,bookmark_border,share,more_vert
'Gray' steel to become obsolete in EU once 'green' steel advances: Salzgitter CEO,https://news.google.com/articles/CBMimQFodHRwczovL3d3dy5zcGdsb2JhbC5jb20vcGxhdHRzL2VuL21hcmtldC1pbnNpZ2h0cy9sYXRlc3QtbmV3cy9tZXRhbHMvMDgxMTIxLWdyYXktc3RlZWwtdG8tYmVjb21lLW9ic29sZXRlLWluLWV1LW9uY2UtZ3JlZW4tc3RlZWwtYWR2YW5jZXMtc2FsemdpdHRlci1jZW_SAQA?hl=en-MY&gl=MY&ceid=MY%3Aen,,,S&P Global,8 days ago,bookmark_border,share,more_vert
"Buy Tata Steel BSL, target price Rs 110: Yes Securities",https://news.google.com/articles/CAIiEJMK8l-JXctNbXpNLsiBOWUqGQgEKhAIACoHCAow2pqGCzD954MDMJzyigY?hl=en-MY&gl=MY&ceid=MY%3Aen,https://lh3.googleusercontent.com/proxy/jS58zSuW2NmDngZxSciCTsUye-jlg8yaOpUAbEZqLh0ZYX5uIZZoC3hiMCozh-ygM65-Mmp1tZsSGDcvUHoV9mzT1gZkvUpXVo_GKiNyxne9rpVEW_tGdZ0fOUNihfe0RQKviAY-ltlEpQ_PsH74UoNiERx658tTgbdJyS4MJvcwoPg-=s0-w100-h100-p-rw-df,https://news.google.com/publications/CAAqBwgKMNqahgsw_eeDAw?hl=en-MY&gl=MY&ceid=MY%3Aen,Economic Times,2 days ago,bookmark_border,share,more_vert
World's 2nd-largest steel producer to begin making green steel by 2025,https://news.google.com/articles/CAIiEGQlF9IEGlDx2IbOMrQ8nGYqFQgEKg0IACoGCAow8oA-MLswMJKBAQ?hl=en-MY&gl=MY&ceid=MY%3Aen,https://lh3.googleusercontent.com/proxy/1UJ1shnAwm23eLCn0xzGQeELNrcyNe2WM_c4k1Sgeg3GTioR2XetmdXlOO0PD0FEMeT9b_c_gOroKyzkFS8FqkXiVHWN5u3fXcXX_NOp8np-LDuqKo8jnP0qtL8Vep5z6PdNzdm7T0PINGp9suD1V2FJagLP3ZyQxIsjHFtnasq2kfMJ0vz4Ck3B3T0gAHacUnH_Ru2d-Hoga_aNUeclqrnb5y4aArVGp8_630OA78lDxrVRPyQwVTXsrFFPIPy74EOKgMNRnZlJaXaw08SFJ2h5ldCGeGFhyjRNt1JdwqAz4tDyL_qkpUo7sdt94HPgYr2V2-Aws0lHmxE1K51FnqEathHHmipUf9MWOq_zJrFNcz0otvo=s0-w100-h100-p-rw-df,https://news.google.com/publications/CAAqBggKMPKAPjC7MA?hl=en-MY&gl=MY&ceid=MY%3Aen,New Atlas,21-Jul,bookmark_border,share,more_vert
"China's steel output cuts could continue in H2, annual target may be readjusted",https://news.google.com/articles/CBMimgFodHRwczovL3d3dy5zcGdsb2JhbC5jb20vcGxhdHRzL2VuL21hcmtldC1pbnNpZ2h0cy9sYXRlc3QtbmV3cy9tZXRhbHMvMDgwMzIxLWNoaW5hcy1zdGVlbC1vdXRwdXQtY3V0cy1jb3VsZC1jb250aW51ZS1pbi1oMi1hbm51YWwtdGFyZ2V0LW1heS1iZS1yZWFkanVzdGVk0gEA?hl=en-MY&gl=MY&ceid=MY%3Aen,,,S&P Global,16 days ago,bookmark_border,share,more_vert
Outokumpu sees strong stainless steel demand continuing,https://news.google.com/articles/CBMiZGh0dHBzOi8vd3d3LnJldXRlcnMuY29tL2J1c2luZXNzL291dG9rdW1wdS1zZWVzLXN0cm9uZy1zdGFpbmxlc3Mtc3RlZWwtZGVtYW5kLWNvbnRpbnVpbmctMjAyMS0wOC0wNS_SAQA?hl=en-MY&gl=MY&ceid=MY%3Aen,https://lh3.googleusercontent.com/proxy/5VJPv6EFf5MlDGiJdG_Qr0GLwBSr-ffp50_esbEvFz09F2eTNxVmxgT2STeHjpnTKr8bCWr7-U0v7HfX3tibEC6HRxbqS47u1WwnC2XnW6Rc7Q2XEZGY890mfsrNZWnqQbYD8Rjl5h79t_nN6JLC0o6uztbXcbM=s0-w100-h100-p-rw-df,,Reuters,14 days ago,bookmark_border,share,more_vert
This Tech-Driven Smart Water Bottle Held Me Accountable For My Hydration Habits,https://news.google.com/articles/CAIiECMrfcJMZacNsUMvoV1LSvkqEwgEKgwIACoFCAowgGgwwAUw0Q8?hl=en-MY&gl=MY&ceid=MY%3Aen,https://lh3.googleusercontent.com/proxy/vH-orB-YeEy-amyTSq1_NizJ9GyoMESRkv5ERLaFowrJUb8ZV8fFhHt0JaICb3R24uU3zu-rUfmzO45L1R8aPt2H1qept2xAx_MEO2qc-bKrMou-UrOP6Av4ld1lxn_lS5qzTtDenxDn6tW3Q0HyT7EOfTYvSS3PGrq5VorAjsurHSTvJRoPlm_obRdCnbHVLyIhaiB8_WTnlHMBmerin_GwuiallFd6IrliocSOzTrY74RKcQD95gdYuAv48-x5IroJzcY8i9piahZxGCq_p2sxv4XRUwC2vwGkGbrD5ZhWk7GEnCCOvI84cIqEBCaoSj993DJeC_sce6ewn2IdkGSqn0UKQb7mCNjCFBc=s0-w100-h100-p-rw-df,https://news.google.com/publications/CAAqBQgKMIBoMMAF?hl=en-MY&gl=MY&ceid=MY%3Aen,POPSUGAR,Yesterday,bookmark_border,share,more_vert
Sweden delivers world's first fossil-free steel,https://news.google.com/articles/CBMiW2h0dHBzOi8vd3d3LnRoZWdsb2JlYW5kbWFpbC5jb20vd29ybGQvdmlkZW8tc3dlZGVuLWRlbGl2ZXJzLXdvcmxkcy1maXJzdC1mb3NzaWwtZnJlZS1zdGVlbC_SAQA?hl=en-MY&gl=MY&ceid=MY%3Aen,https://lh3.googleusercontent.com/proxy/RUbsUSfpFEn6yvUArvOERqV94Akj6bAowyKz3tbR6dMGlxXQDu0dL910HRJb5tVseEQImEFbr3Ed71MUJgyev0A7MtIPz8HdIVO57XRZbopjigXaKLv1uJ1eUWs-lfwjZRtHaTl48dTjRBpBOxHsers1lXSsyuVVa80datrFNg8p28U2CV6N8p9qadyFcxZGqNFnml87Nemb9j3di91mncgunZatTGJcQDwI9QqRGX_BELqhHfji9cDO4mIwP00PQteMrWpU7o8oJJQRGIIuvRb-THNLgbumDMlnkaLQWRM2wcJ0D2xcFSzHIbtGjXKeAA779EZwvVmS=s0-w100-h100-p-rw-df,,The Globe and Mail,37 minutes ago,bookmark_border,share,more_vert
Premarket Mover: United States Steel Corporation (X) Down 3.36%,https://news.google.com/articles/CBMib2h0dHBzOi8vd3d3LmludmVzdG9yc29ic2VydmVyLmNvbS9uZXdzL3N0b2NrLXVwZGF0ZS9wcmVtYXJrZXQtbW92ZXItdW5pdGVkLXN0YXRlcy1zdGVlbC1jb3Jwb3JhdGlvbi14LWRvd24tMy0zNtIBc2h0dHBzOi8vd3d3LmludmVzdG9yc29ic2VydmVyLmNvbS9uZXdzL3N0b2NrLXVwZGF0ZS9hbXAvcHJlbWFya2V0LW1vdmVyLXVuaXRlZC1zdGF0ZXMtc3RlZWwtY29ycG9yYXRpb24teC1kb3duLTMtMzY?hl=en-MY&gl=MY&ceid=MY%3Aen,https://lh3.googleusercontent.com/proxy/6kF55LzW0sKj5gBXBagS0veWoXmT2QLWxI31MFkRgM5hSap8h4nhQ6xLtMdNwUcYv7DDGDtGAifd6i2VFDX61aSkzt8cqFu58XJYP2ali4f9olAenlud4IywWmWCp9AYUMUHG50VP9ruqtqcn4wqxqnJzlZRdCEok1Kf-CyMUC7z5dOfHYoYT8Tl3XmBBDq-Y0tD=s0-w100-h100-p-rw-df,,InvestorsObserver,2 hours ago,bookmark_border,share,more_vert
"China iron ore, steel futures range-bound; to post weekly loss",https://news.google.com/articles/CBMiOmh0dHBzOi8vd3d3LnJldXRlcnMuY29tL2FydGljbGUvYXNpYS1pcm9ub3JlLWlkVVNMMU4yUEQwOFHSATRodHRwczovL21vYmlsZS5yZXV0ZXJzLmNvbS9hcnRpY2xlL2FtcC9pZFVTTDFOMlBEMDhR?hl=en-MY&gl=MY&ceid=MY%3Aen,https://lh3.googleusercontent.com/proxy/z8QHv0WNpRcxsPDCRjdK6LuUbnGpbKWE8uBZkrZrHNLbJqUhGWRBc11J9XWMvQxBrgMIg98WB5iPLU1czAhlv3wKPmYcZJkdLOO8R4t7c9CWYGWW9fY1AzpLtA=s0-w100-h100-p-rw-df,,Reuters,14 days ago,bookmark_border,share,more_vert
Redcar's new Regent cinema being built using Teesside steel,https://news.google.com/articles/CBMiZWh0dHBzOi8vd3d3LnRoZW5vcnRoZXJuZWNoby5jby51ay9uZXdzLzE5NTI0NzM2LnJlZGNhcnMtbmV3LXJlZ2VudC1jaW5lbWEtYnVpbHQtdXNpbmctdGVlc3NpZGUtc3RlZWwv0gEA?hl=en-MY&gl=MY&ceid=MY%3Aen,https://lh3.googleusercontent.com/proxy/uUTKFvIbgMB-CYwgT3bNdfEF5kCOGdJ6AmU8RPzNeE9EVC_HViR7eQaERyvALOqP7w4KWsc1VtZQryzU-K4OXVcs6cPOUv8fm62M8DzTDRUFkaJ5j85Y=s0-w100-h100-p-rw-df,,The Northern Echo,1 hour ago,bookmark_border,share,more_vert
Stainless steel beauty: Nature inspires new Kettering bridge sculpture,https://news.google.com/articles/CBMijAFodHRwczovL3d3dy5kYXl0b24uY29tL2NvbW11bml0eS9rZXR0ZXJpbmcvc3RhaW5sZXNzLXN0ZWVsLWJlYXV0eS1uYXR1cmUtaW5zcGlyZXMtbmV3LWtldHRlcmluZy1icmlkZ2Utc2N1bHB0dXJlL0hLVEhPS0czSUZGN1hDQVlZTlBLM1AzTElFL9IBmwFodHRwczovL3d3dy5kYXl0b24uY29tL2NvbW11bml0eS9rZXR0ZXJpbmcvc3RhaW5sZXNzLXN0ZWVsLWJlYXV0eS1uYXR1cmUtaW5zcGlyZXMtbmV3LWtldHRlcmluZy1icmlkZ2Utc2N1bHB0dXJlL0hLVEhPS0czSUZGN1hDQVlZTlBLM1AzTElFLz9vdXRwdXRUeXBlPWFtcA?hl=en-MY&gl=MY&ceid=MY%3Aen,https://lh3.googleusercontent.com/proxy/RPv8frqS1dwCRyO46wr6DyNcmde9trCG9HZ-T-rw5-3h3cgP36cdSRL5xzAz-Uoi_4YyTZUBz_igGcpfEBQ7eNl1hHQfA7YrYrg0WA77btgEdZUn4kgUUlGUCGpX3e9UXpbfpIYwE2cHgnYuiNE9ks1bvceP_cE=s0-w100-h100-p-rw-df,,dayton.com,12 hours ago,bookmark_border,share,more_vert
"Steel Prices Look Unsustainable, Evraz Says -- Commodity Comment",https://news.google.com/articles/CBMia2h0dHBzOi8vd3d3Lm1hcmtldHdhdGNoLmNvbS9zdG9yeS9zdGVlbC1wcmljZXMtbG9vay11bnN1c3RhaW5hYmxlLWV2cmF6LXNheXMtY29tbW9kaXR5LWNvbW1lbnQtMjcxNjI4MTQ3ODM00gFvaHR0cHM6Ly93d3cubWFya2V0d2F0Y2guY29tL2FtcC9zdG9yeS9zdGVlbC1wcmljZXMtbG9vay11bnN1c3RhaW5hYmxlLWV2cmF6LXNheXMtY29tbW9kaXR5LWNvbW1lbnQtMjcxNjI4MTQ3ODM0?hl=en-MY&gl=MY&ceid=MY%3Aen,https://lh3.googleusercontent.com/proxy/uaGgOvn-W-LqoQ86gIguojqEo1TP7bEN14XYKj6AVb0pfObtyJqZGvb4t9WbRgRJNmNx7xeUiHJufNICh1FOBKWwVzzW5SSiT0NsqHgf-syZB4k=s0-w100-h100-p-rw-df,,MarketWatch,14 days ago,bookmark_border,share,more_vert
Steel Imports Up 18.5% Year-To-Date Through June,https://news.google.com/articles/CBMiTmh0dHBzOi8vd3d3LnN0ZWVsLm9yZy8yMDIxLzA3L3N0ZWVsLWltcG9ydHMtdXAtMTgtNS15ZWFyLXRvLWRhdGUtdGhyb3VnaC1qdW5lL9IBAA?hl=en-MY&gl=MY&ceid=MY%3Aen,https://lh3.googleusercontent.com/proxy/WvTZ6X8NI2Q0wt7KkVAQNidb3LodIMG9Yq5xKBRUmJS17wSFppN6Or2NoSCQP6zbLNsUIpsD2hbTnEOFq7oR9sWCRoAW12no8437s19n-Py_OyUad0INXPTKV64lNsBbRWTYXEC-xIFe_BJhsCpKDAxAf-EVY476=s0-w100-h100-p-rw-df,,American Iron and Steel Institute,26-Jul,bookmark_border,share,more_vert
