Title,Time
China Cuts Steel Production. How That Hurts Iron-Ore Prices.,7 hours ago
‘Green steel’: Swedish company ships first batch made without using coal,5 hours ago
Analysis: Green-push dilemma: China's steel curbs could cripple price control efforts,Yesterday
India's Tata Steel launches steel recycling plant,6 hours ago
"Iron ore prices falling as China reins in steelmaking, battles coronavirus",Yesterday
HYBRIT technology delivers the world's first fossil-free steel to Volvo Group,22 hours ago
China's steel exports to Australia drop 50% in blow to local economy,2 days ago
Steel Stocks Are on Fire. Let Investors Beware.,6 hours ago
'Juxtapose': Tang Mun Kian exhibits new steel caricatures at Macao International Art Biennale 2021,Yesterday
China's steel outlooks dim as curbs take hold,1 hour ago
MSI: Covid-19 clouds outlook of iron and steel,8 days ago
South Korean steel scrap imports continue revival amid higher steel output,Yesterday
Green-push dilemma: China's steel curbs could cripple price control efforts,21 hours ago
Steel prices are up 219% since early 2020. What to expect next,2 days ago
Chinese iron ore hits near 5-month low as steel curbs hurt,21 hours ago
"Feintool Says Steel Bottlenecks, Prices Put Automotive Recovery at Risk -- Commodity Comment",4 hours ago
"Exporters want steel, pharmaceuticals sectors under RoDTEP scheme",20 hours ago
"What is Steel Fabrication: Uses, Purpose, and Benefits - Robotics and Automation News",17 hours ago
Here's How Much a $1000 Investment in Steel Dynamics Made 10 Years Ago Would Be Worth Today,2 hours ago
Stainless steel demand; European sourcing woes; global steel output down,30-Jul
How a global steel manufacturer is paving the way in sustainability - Verdict Medical Devices,5 hours ago
China squeezes steel exports again to expand sector overhaul,29-Jul
US Steel to shut another two blast furnaces for work in fourth quarter: spokeswoman,20 hours ago
"Stainless steel, carbon steel, or fiberglass? How to determine the ideal enclosure material for your application",18 days ago
Etihad Rail partners Al Ghurair Iron & Steel to transport its products in UAE,4 hours ago
Tata Steel rallies on rare double ratings upgrade,13 days ago
PMC offers bespoke solution for treating contaminated steel scrap,Yesterday
"TURKEY LONG STEEL EXPORTS: Prices down again on limited demand, softer scrap costs",14 minutes ago
"U.S. Steel (X) Hits 52-Week High, Can the Run Continue?",1 hour ago
Chinese steel prices fall on scepticism over emission policies,17 days ago
JSW Steel Employees Trust sells shares of JSW Steel,Yesterday
"Exclusive: Indian steel realisations to hold in this quarter, Europe to see material improvement: Tata...",Yesterday
Majestic Steel USA Acquires Merit Steel USA,Yesterday
"Pharma, steel exporters to take up RoDTEP exclusion with Piyush Goyal",12 hours ago
Tata Steel interested in acquiring Vizag-based RINL: CEO TV Narendran,2 days ago
ASIA STEEL SCRAP DIGEST: Japan sentiment weakens after drop in Kanto tender,2 hours ago
"Groundbreaking: ‘We’re small but we’re scrappy, welcome to the Steel District’",11 hours ago
Iranian steel billet export prices slide in wake of decline in rebar futures,2 hours ago
Steel rebar prices rise once again,10 hours ago
Australia's BlueScope Steel seeks alternatives to coal,Yesterday
"POSCO to finalize steel price deal with Hyundai, Samsung",9 hours ago
China wants to curb steel production. Some say it's 'virtually impossible',17 days ago
Customs seizes RM10mil worth of smuggled steel in Klang,14 days ago
Steel Dynamics Stock Jumps 16% In A Week – Here’s Why,2 days ago
China puts growth ahead of climate with surge in coal-powered steel mills,6 days ago
Iron Ore Tumbles as China's Steel Sector Revamp Curbs Demand,30-Jul
"Iron ore sell-off resumes, but stainless steel shines",6 days ago
Steel Panther are holding open auditions to recruit a new bassist following Lexxi Foxx’s departure,Yesterday
"Stocks to Watch: Canara Bank, Tata Steel, HAL, HDFC Bank, Future Retail",23 hours ago
Refractory Materials Market for GCC Steel Industry 2021-2025 | Technavio,Yesterday
Metalloinvest's sales revenues rise in H1 amid higher iron ore and steel prices,5 hours ago
West Eagles sweep Steel Bucket Relay titles with a close win in the boys race and a romp in the girls race,7 hours ago
Pittsburg-based steel company reaches $4 million settlement after violating environmental regulations,19 hours ago
Japan's FeNi producer hints at stainless steel recovery,9 days ago
Global investor group begins to step up pressure on steel industry,15 days ago
Price hikes lift Tata Steel but Europe needs a fix,3 days ago
Planes leaving half empty after Taliban set up ring of steel,16 hours ago
China Looks to More Export Tariffs to Tame Booming Steel Sector,27-Jul
"EU CBAM for Iron, Steel, Cement, Fertilisers, Aluminium, Electricity",Yesterday
China's Top Steel Body Expects Wider Output Cuts as Demand Slows,18 days ago
Steel Stocks Gain on $1 Trillion Infrastructure Plan,8 days ago
US steel wire rod prices hit record high set in 2008,17 hours ago
The Steel Frame,44 minutes ago
"Jahan Loh Celebrates G-SHOCK's Steel ""CasiOak"" With Futuristic Animated Short",2 days ago
Insight - Iron ore stumbles as rising supply runs into China steel discipline,27-Jul
India Set for Record Steel Demand as Construction to Revive,29-Jul
"Steel open first week of practice | News, Sports, Jobs",9 hours ago
Steel inventory declines amid nation's efforts to cut carbon emissions,25-Jul
Historic steel price rally celebrates one-year anniversary,Yesterday
Letter: China tempers steel output amid rising pollution fears,11 days ago
"Brazilian crude steel production in July rises 14.5%, says Brazil Steel",1 hour ago
US steel industry lagging pre-Covid levels,7 days ago
Thyssenkrupp says no to steel spin-off until spring,8 days ago
"Outlook on the Automotive Steel Wheels Global Market to 2028 - by Rim Size Vehicle Type, End-user and Region - ResearchAndMarkets.com",2 days ago
"Steel sales, output rise in April-June for India's Sail",10 days ago
Steel prices fall in China as emissions targets are relaxed,10 days ago
Alfeco Group honours women of steel,10 hours ago
China steel exports rise sharply in July; market fears further policy tightening,10 days ago
Leading Steel Pannist Jonathan Scales To Perform at Forte Jazz Lounge in September,17 hours ago
Leon Fuat buys land in Port Klang to expand steel manufacturing business,30-Jul
Superman: Steel Just Took on the Internet’s Nastiest Trolls in DC’s Matrix,12 hours ago
Chelyabinsk plant of the profiled steel decking (MCX:PRFN) Is Looking To Continue Growing Its Returns On Capital,11 hours ago
"2,000 Gulf returnees unite in Kerala, form steel factory",2 days ago
Steel Strips shares zoom on stock split announcement,Yesterday
The Ritchey Ascent Steel Adventure Bike Returns,7 hours ago
Global decarbonisation drive to challenge steel producers - Woodmac,10 days ago
Here's your chance to audition to be Steel Panther's new bassist,2 days ago
'Gray' steel to become obsolete in EU once 'green' steel advances: Salzgitter CEO,8 days ago
"Buy Tata Steel BSL, target price Rs 110: Yes Securities",2 days ago
World's 2nd-largest steel producer to begin making green steel by 2025,21-Jul
"China's steel output cuts could continue in H2, annual target may be readjusted",16 days ago
Outokumpu sees strong stainless steel demand continuing,14 days ago
This Tech-Driven Smart Water Bottle Held Me Accountable For My Hydration Habits,Yesterday
Sweden delivers world's first fossil-free steel,37 minutes ago
Premarket Mover: United States Steel Corporation (X) Down 3.36%,2 hours ago
"China iron ore, steel futures range-bound; to post weekly loss",14 days ago
Redcar's new Regent cinema being built using Teesside steel,1 hour ago
Stainless steel beauty: Nature inspires new Kettering bridge sculpture,12 hours ago
"Steel Prices Look Unsustainable, Evraz Says -- Commodity Comment",14 days ago
Steel Imports Up 18.5% Year-To-Date Through June,26-Jul
